season,Name,W,L,ERA,GS,G,IP,H,ER,HR,SO,BB,WHIP,K/9,BB/9,FIP,WAR,playerid
2014,Craig Kimbrel,6,1,1.43,0,70,69,41,11,4,111,21,0.9,14.48,2.74,1.58,2,6655
2014,Koji Uehara,3,1,2.07,0,56,52.3,35,12,5,71,7,0.8,12.22,1.2,2.03,1.5,9227
2014,Kenley Jansen,5,1,1.91,0,70,70.7,45,15,6,108,21,0.93,13.75,2.67,2.11,1.4,3096
2014,Greg Holland,5,2,2.34,0,66,69.3,49,18,5,100,26,1.08,12.99,3.38,2.23,1.6,7196
2014,Trevor Rosenthal,5,2,2.37,0,75,79.7,60,21,5,103,24,1.05,11.63,2.71,2.37,1.4,10745
2014,Aroldis Chapman,7,2,2.21,0,69,65.3,39,16,6,107,29,1.04,14.75,4,2.44,1.2,10233
2014,Sergio Romo,6,3,2.39,0,63,52.7,42,14,4,58,11,1.01,9.91,1.88,2.52,0.9,9817
2014,Clayton Kershaw,18,6,2.26,33,33,227.3,172,57,14,233,54,0.99,9.23,2.14,2.55,5.7,2036
2014,Jason Grilli,3,1,2.68,0,51,50.3,39,15,4,64,16,1.09,11.45,2.86,2.61,0.8,521
2014,Joaquin Benoit,4,2,2.55,0,61,60,44,17,5,75,19,1.05,11.25,2.85,2.63,0.9,1437
2014,Mark Melancon,4,2,2.75,0,67,68.7,60,21,4,64,14,1.08,8.38,1.83,2.64,0.9,4264
2014,David Robertson,5,2,2.71,0,67,63,48,19,6,85,22,1.11,12.14,3.14,2.68,1.2,8241
2014,Joe Nathan,5,2,2.9,0,57,52.7,43,17,4,61,16,1.12,10.42,2.73,2.69,1.1,1122
2014,Sean Doolittle,5,2,2.87,0,67,69,56,22,5,76,19,1.09,9.91,2.48,2.7,1.4,1581
2014,Felix Hernandez,13,9,3.07,31,31,211.3,188,72,16,220,50,1.13,9.37,2.13,2.74,5.8,4772
2014,Sean Marshall,4,2,2.68,0,47,40.3,33,12,3,44,11,1.09,9.83,2.46,2.8,0.6,5905
2014,Danny Farquhar,3,3,3.18,0,55,70.7,59,25,5,83,26,1.2,10.57,3.31,2.81,1.2,8501
2014,Jordan Walden,5,3,2.93,0,56,52.3,42,17,4,62,19,1.17,10.67,3.27,2.82,0.8,3271
2014,Glen Perkins,3,1,2.79,0,62,61.3,50,19,6,74,17,1.09,10.86,2.5,2.84,1,8041
2014,Jose Fernandez,12,5,2.57,27,27,154,117,44,9,163,54,1.11,9.53,3.16,2.86,3.4,11530
2014,Jonathan Papelbon,4,2,3.04,0,59,59.3,51,20,6,67,13,1.08,10.17,1.97,2.86,0.8,5975
2014,Adam Wainwright,17,9,3.2,31,31,208.3,197,74,15,183,39,1.13,7.91,1.69,2.88,4.4,2233
2014,Cliff Lee,12,7,3.04,28,28,198.3,180,67,20,195,31,1.06,8.85,1.41,2.91,4.3,1636
2014,Stephen Strasburg,11,5,2.83,26,26,149.7,120,47,13,164,41,1.08,9.86,2.46,2.95,3.1,10131
2014,Addison Reed,4,2,3.21,0,63,70,61,25,6,75,19,1.14,9.64,2.44,2.96,1.1,10586
2014,Masahiro Tanaka,12,8,3.68,29,29,191,180,78,17,187,35,1.13,8.81,1.65,2.99,5.1,15764
2014,Steve Cishek,5,3,2.81,0,63,64,53,20,4,67,23,1.19,9.42,3.23,2.99,0.7,6483
2014,Matt Harvey,11,6,3.01,28,28,164.3,140,55,12,167,49,1.15,9.15,2.68,2.99,3.2,11713
2014,Zack Greinke,13,8,2.95,31,31,192,167,63,15,176,44,1.1,8.25,2.06,3,3.7,1943
2014,Justin Verlander,17,7,3.07,32,32,216.7,186,74,19,225,60,1.14,9.34,2.49,3,6,8700
2014,Casey Janssen,3,1,3.04,0,56,53.3,45,18,5,55,13,1.09,9.29,2.2,3.05,0.7,7355
2014,Max Scherzer,16,8,3.35,31,31,193.7,165,72,21,225,55,1.14,10.45,2.56,3.06,4.9,3137
2014,Cory Luebke,5,4,3.16,12,12,71.3,61,25,6,71,22,1.16,8.96,2.78,3.08,1.3,1984
2014,Sergio Santos,2,1,3.38,0,35,32,26,12,3,37,11,1.16,10.41,3.09,3.08,0.4,4734
2014,Madison Bumgarner,15,9,2.86,32,32,204.7,167,65,17,196,54,1.08,8.62,2.37,3.09,3.6,5524
2014,David Price,14,8,3.09,30,30,198,174,68,18,189,46,1.11,8.59,2.09,3.09,4.4,3184
2014,Bobby Parnell,6,4,3.17,0,59,56.7,51,20,4,50,16,1.18,7.94,2.54,3.1,0.4,9926
2014,Luke Hochevar,5,2,3.06,0,61,70.7,56,24,8,83,20,1.07,10.57,2.55,3.1,1.1,6943
2014,Kelvin Herrera,7,4,3.27,0,74,79.7,68,29,8,93,26,1.18,10.5,2.94,3.11,1.3,6033
2014,Jake McGee,6,3,3.1,0,70,61,48,21,7,75,20,1.11,11.07,2.95,3.11,0.7,7550
2014,Francisco Liriano,14,10,3.13,28,28,161,137,56,10,151,59,1.22,8.44,3.3,3.12,2.8,3201
2014,Octavio Dotel,2,1,3.81,0,27,26,25,11,2,24,8,1.27,8.31,2.77,3.12,0.3,555
2014,Chris Sale,16,9,3.17,29,30,204.3,177,72,22,224,49,1.11,9.87,2.16,3.14,4.9,10603
2014,J.J. Putz,3,1,3.21,0,47,42,35,15,4,45,13,1.14,9.64,2.79,3.14,0.5,1795
2014,Yu Darvish,16,7,3.03,31,31,201.7,152,68,22,263,79,1.15,11.74,3.53,3.17,5.1,13074
2014,Doug Fister,13,8,3.19,29,30,192,184,68,13,144,36,1.15,6.75,1.69,3.18,3.4,9425
2014,Rex Brothers,4,2,3.31,0,75,70.7,59,26,6,88,35,1.33,11.2,4.46,3.19,1,9794
2014,Anibal Sanchez,13,7,3.52,30,30,184.3,175,72,18,186,52,1.23,9.08,2.54,3.19,4.4,3284
2014,Brian Wilson,4,3,3.05,0,41,38.3,32,13,3,39,14,1.2,9.16,3.29,3.2,0.3,6485
2014,Cody Allen,4,3,3.39,0,73,69,60,26,7,82,27,1.26,10.7,3.52,3.21,0.7,12183
2014,Charlie Furbush,5,3,3.13,0,65,60.3,47,21,6,76,25,1.19,11.34,3.73,3.21,0.7,1370
2014,Neal Cotts,7,3,3.23,0,50,53,44,19,5,61,21,1.23,10.36,3.57,3.22,0.8,1797
2014,Fernando Rodney,4,3,3.06,0,57,53,42,18,4,62,25,1.26,10.53,4.25,3.22,0.6,494
2014,Matt Reynolds,2,1,3.58,0,53,42.7,40,17,4,40,12,1.22,8.43,2.53,3.24,0.5,8887
2014,Tim Collins,6,4,3.52,0,70,61.3,52,24,5,73,30,1.34,10.72,4.4,3.24,0.8,3164
2014,Cole Hamels,13,9,3.31,31,31,209.3,189,77,21,194,46,1.12,8.34,1.98,3.24,4,4972
2014,Antonio Bastardo,4,2,3.14,0,57,48.7,37,17,5,62,22,1.21,11.46,4.07,3.25,0.4,8844
2014,Tim Hudson,9,8,3.28,25,25,164.7,153,60,10,126,46,1.21,6.89,2.51,3.25,2.3,921
2014,Rafael Betancourt,3,2,3.74,0,37,33.7,33,14,3,31,10,1.28,8.28,2.67,3.26,0.4,177
2014,Alex Wood,7,4,3.29,19,34,112,103,41,7,98,38,1.26,7.88,3.05,3.26,1.4,13781
2014,Ryan Cook,6,3,3.01,0,69,68.7,57,23,5,73,28,1.24,9.56,3.67,3.27,0.8,8855
2014,Craig Stammen,6,4,3.27,0,54,79.7,71,29,6,75,28,1.24,8.47,3.16,3.27,0.5,7274
2014,Brett Cecil,4,2,3.27,0,65,66,56,24,6,73,24,1.21,9.95,3.27,3.29,0.8,2660
2014,Javier Lopez,3,2,3.16,0,63,37,33,13,2,31,14,1.27,7.54,3.41,3.29,0.1,1663
2014,Matt Belisle,7,4,3.95,0,68,68.3,72,30,6,56,15,1.27,7.38,1.98,3.3,0.9,1837
2014,Gio Gonzalez,15,8,3.15,30,30,188.3,160,66,15,183,69,1.22,8.75,3.3,3.3,3.2,7448
2014,Jean Machi,3,3,3.47,0,59,62.3,59,24,4,48,18,1.24,6.93,2.6,3.3,0.2,3220
2014,Andrew Cashner,9,7,3.19,21,33,141,126,50,10,110,39,1.17,7.02,2.49,3.32,1.4,8782
2014,Grant Balfour,3,2,2.98,0,60,57.3,44,19,6,64,22,1.15,10.05,3.46,3.33,0.5,718
2014,Tyler Clippard,5,2,2.8,0,70,70.7,52,22,8,81,24,1.07,10.31,3.06,3.33,0.7,5640
2014,Junichi Tazawa,5,3,3.42,0,70,73.7,67,28,8,76,20,1.18,9.28,2.44,3.33,0.9,4079
2014,Paco Rodriguez,3,2,3.02,0,59,41.7,33,14,4,47,16,1.18,10.14,3.45,3.34,0.3,13398
2014,Lance Lynn,13,9,3.52,27,33,173.7,160,68,13,166,62,1.28,8.6,3.21,3.34,2.4,2520
2014,Jaime Garcia,7,6,3.79,19,19,116.3,119,49,10,93,29,1.27,7.2,2.24,3.34,1.6,8137
2014,Ernesto Frieri,4,2,3.03,0,66,68.3,50,23,8,96,30,1.17,12.65,3.95,3.34,0.8,5178
2014,Mat Latos,13,7,3.28,32,32,208.3,187,76,19,186,57,1.17,8.04,2.46,3.36,3.7,3815
2014,Huston Street,3,2,3.22,0,54,50.3,43,18,6,49,12,1.09,8.77,2.15,3.37,0.3,8258
2014,Jason Motte,4,2,3.08,0,52,49.7,42,17,5,50,14,1.13,9.05,2.54,3.37,0.2,5861
2014,Dan Otero,4,2,3.43,0,56,68.3,69,26,5,44,12,1.19,5.8,1.58,3.37,0.5,7385
2014,Scott Elbert,1,1,3.28,0,32,24.7,22,9,2,24,9,1.26,8.74,3.28,3.37,0.1,7489
2014,Jesse Crain,4,2,3.4,0,47,45,39,17,5,52,17,1.24,10.4,3.4,3.38,0.5,4817
2014,David Hernandez,5,3,3.31,0,70,68,55,25,7,79,26,1.19,10.46,3.44,3.39,0.6,4259
2014,Kris Medlen,15,9,3.31,30,30,190.3,182,70,17,150,43,1.18,7.09,2.03,3.39,2.7,9417
2014,Bryan Shaw,5,4,3.45,0,72,73,64,28,6,73,27,1.25,9,3.33,3.39,0.6,8110
2014,Brett Bochy,2,2,3.48,0,44,51.7,46,20,4,47,17,1.22,8.18,2.96,3.4,0.2,sa549478
2014,Sam LeCure,3,1,3.15,0,55,60,50,21,6,63,21,1.18,9.45,3.15,3.4,0.3,4664
2014,Jose Veras,4,2,3.35,0,67,61.7,50,23,5,68,28,1.26,9.92,4.08,3.4,0.6,2063
2014,Josh Johnson,6,6,3.61,20,20,114.7,107,46,10,106,38,1.26,8.32,2.98,3.41,1.5,4567
2014,Jordan Zimmermann,14,9,3.29,30,30,189,179,69,17,141,36,1.14,6.71,1.71,3.41,3,4505
2014,Kevin Siegrist,4,2,3.25,0,58,55.3,45,20,4,58,26,1.28,9.44,4.23,3.41,0.2,8180
2014,Luke Gregerson,5,3,3.3,0,69,62.7,56,23,5,54,19,1.2,7.75,2.73,3.41,0.5,4090
2014,Cristhian Martinez,2,2,3.5,1,29,46.3,44,18,4,37,12,1.21,7.19,2.33,3.42,0.2,5337
2014,Danny Salazar,9,7,3.71,26,26,153,141,63,15,162,55,1.28,9.53,3.24,3.42,2.9,5867
2014,Jim Johnson,5,3,3.25,0,69,72,67,26,5,52,18,1.18,6.5,2.25,3.42,0.5,3656
2014,Mike Dunn,4,3,3.41,0,72,63.3,55,24,5,67,30,1.34,9.53,4.27,3.43,0.4,9948
2014,Kyuji Fujikawa,2,1,3.45,0,32,28.7,24,11,3,32,10,1.18,10.03,3.14,3.43,0.2,14443
2014,Boone Logan,5,3,3.89,0,67,44,40,19,5,51,16,1.27,10.43,3.27,3.43,0.5,5525
2014,Hisashi Iwakuma,10,8,3.23,30,30,195,172,70,23,174,40,1.09,8.03,1.85,3.44,3.8,13048
2014,Wesley Wright,2,2,3.43,1,69,57.7,51,22,5,57,20,1.23,8.89,3.12,3.45,0.4,5960
2014,Jose Ceda,1,1,3.6,0,23,25,22,10,2,26,11,1.32,9.36,3.96,3.45,0.1,2377
2014,Mariano Rivera,3,2,3.6,0,36,35,34,14,4,31,7,1.17,7.97,1.8,3.45,0.4,844
2014,Ryan Madson,1,1,3.63,0,23,22.3,21,9,2,19,7,1.26,7.67,2.83,3.45,0.2,1852
2014,Joel Peralta,5,3,3.19,0,69,59.3,46,21,7,68,23,1.16,10.32,3.49,3.45,0.5,2332
2014,Darren O'Day,5,3,3.34,0,66,59.3,51,22,7,62,15,1.11,9.41,2.28,3.45,0.7,3321
2014,Bartolo Colon,10,8,3.6,24,24,147.7,155,59,14,97,24,1.21,5.91,1.46,3.45,1.9,375
2014,Jeff Samardzija,11,9,3.56,29,29,184.3,168,73,19,179,56,1.22,8.74,2.73,3.45,3.1,3254
2014,Andrew Miller,2,1,3.44,0,47,39.3,30,15,4,54,22,1.32,12.37,5.04,3.45,0.4,6785
2014,Josh Collmenter,5,3,3.35,0,54,78,70,29,8,72,22,1.18,8.31,2.54,3.46,0.8,7312
2014,Tony Watson,4,3,3.27,0,66,63.3,55,23,5,54,19,1.17,7.68,2.7,3.46,0.2,3132
2014,Shelby Miller,15,9,3.3,31,31,174.7,154,64,18,171,55,1.2,8.81,2.83,3.46,2.6,10197
2014,Matt Cain,11,8,3.19,30,30,191.7,165,68,18,164,51,1.13,7.7,2.39,3.47,2.6,4732
2014,Alex Cobb,11,7,3.31,27,27,157.7,142,58,13,140,53,1.24,7.99,3.02,3.47,2.5,6562
2014,Aaron Barrett,2,1,3.58,0,43,45.3,40,18,4,45,17,1.26,8.94,3.38,3.47,0.2,sa455435
2014,Dale Thayer,4,3,3.55,0,65,63.3,59,25,6,54,17,1.2,7.68,2.42,3.47,0.1,5032
2014,Carson Smith,3,2,3.55,0,49,55.7,49,22,4,56,24,1.31,9.05,3.88,3.48,0.5,sa598101
2014,Manny Parra,2,2,3.5,0,47,43.7,38,17,4,45,17,1.26,9.27,3.5,3.48,0.2,4279
2014,Corey Kluber,9,9,4.02,26,26,161,162,72,18,148,38,1.24,8.27,2.12,3.48,2.7,2429
2014,Mike Adams,4,3,3.63,0,44,39.7,36,16,4,38,13,1.23,8.61,2.95,3.5,0.3,1937
2014,Jack Leathersich,3,2,3.41,0,47,66,51,25,5,85,42,1.41,11.59,5.73,3.5,0.2,sa577738
2014,Joe Thatcher,2,2,3.81,0,54,30.7,29,13,3,29,10,1.27,8.5,2.93,3.5,0.2,4620
2014,Edwin Escobar,8,8,3.59,24,25,133,126,53,11,107,37,1.23,7.24,2.5,3.51,1.5,sa502902
2014,Josh Outman,2,2,3.76,0,65,64.7,60,27,6,69,26,1.33,9.6,3.62,3.51,0.4,4004
2014,Jonny Venters,4,2,3.23,0,57,55.7,47,20,4,58,26,1.31,9.37,4.2,3.51,0.2,7175
2014,James Shields,13,9,3.61,31,31,212,204,85,22,194,59,1.24,8.24,2.5,3.51,4.1,7059
2014,Drew Storen,4,3,3.48,0,66,62,56,24,7,58,17,1.18,8.42,2.47,3.52,0.2,6983
2014,Scott Atchison,2,2,4,0,44,42.7,43,19,4,31,10,1.24,6.53,2.11,3.52,0.2,2642
2014,Sonny Gray,15,11,3.55,31,33,185.3,171,73,14,163,70,1.3,7.92,3.4,3.52,2.8,12768
2014,Nick Vincent,6,5,3.31,0,66,68,59,25,6,65,24,1.22,8.6,3.18,3.52,0.1,7555
2014,Vinnie Pestano,2,2,3.63,0,60,57,49,23,6,66,24,1.28,10.42,3.79,3.52,0.3,4782
2014,Jamey Wright,3,2,3.51,0,55,59,55,23,4,51,22,1.31,7.78,3.36,3.52,0.1,715
2014,Patrick Corbin,13,9,3.53,31,33,201.7,192,79,19,167,52,1.21,7.45,2.32,3.52,3.2,9323
2014,Johnny Cueto,11,6,3.17,23,23,136.3,125,48,11,102,35,1.17,6.74,2.31,3.52,1.9,6893
2014,Fernando Salas,4,3,3.68,0,59,58.7,53,24,6,55,18,1.21,8.43,2.76,3.52,0.3,4971
2014,Gerrit Cole,12,10,3.48,30,30,163,153,63,13,134,52,1.26,7.4,2.87,3.53,1.9,13125
2014,Josh Osich,3,3,3.38,0,47,56,51,21,4,47,20,1.27,7.55,3.21,3.53,0.1,sa548427
2014,Michael Wacha,10,6,3.54,24,28,155.3,142,61,15,135,45,1.2,7.82,2.61,3.53,1.7,14078
2014,Mike Minor,13,8,3.41,31,31,190.3,173,72,21,167,48,1.16,7.9,2.27,3.53,2.8,10021
2014,Justin Masterson,12,11,3.78,30,32,195.3,180,82,15,179,72,1.29,8.25,3.32,3.53,2.9,2038
2014,Julio Teheran,14,9,3.39,30,31,180.7,170,68,17,155,48,1.21,7.72,2.39,3.53,2.6,6797
2014,Andrew Bailey,2,1,3.81,0,32,30.7,27,13,4,35,11,1.24,10.26,3.22,3.54,0.4,1368
2014,Zachary Thornton,4,4,3.66,0,45,71.3,68,29,6,59,20,1.23,7.45,2.52,3.54,0.2,sa549662
2014,Shawn Kelley,3,2,3.88,0,50,48.7,44,21,6,57,19,1.29,10.53,3.51,3.54,0.5,7773
2014,Nate Jones,4,3,3.68,0,61,71,64,29,7,76,30,1.32,9.63,3.8,3.54,0.7,4696
2014,Chaz Roe,1,1,3.38,0,48,48,43,18,4,44,19,1.29,8.25,3.56,3.55,0.2,9866
2014,Joe Smith,5,3,3.27,0,70,63.3,56,23,5,54,23,1.25,7.68,3.27,3.55,0.4,3281
2014,C.J. Wilson,13,9,3.51,31,31,197.3,180,77,16,180,77,1.3,8.21,3.51,3.55,3,3580
2014,Michael Tonkin,3,3,3.93,0,56,68.7,66,30,6,65,26,1.34,8.52,3.41,3.56,0.7,10315
2014,C.C. Lee,1,1,3.78,0,31,33.3,31,14,3,35,14,1.35,9.46,3.78,3.56,0.3,5177
2014,J.J. Hoover,5,3,3.26,0,68,66.3,53,24,7,72,27,1.21,9.77,3.67,3.56,0.4,9037
2014,Jake Peavy,10,6,3.74,24,24,149.3,142,62,17,126,32,1.17,7.6,1.93,3.56,3.2,1051
2014,Randy Choate,1,1,3.48,0,63,31,28,12,2,26,11,1.26,7.55,3.19,3.56,0,813
2014,Vin Mazzaro,5,4,3.49,0,62,77.3,74,30,5,53,24,1.27,6.17,2.79,3.57,0.1,5231
2014,George Kontos,4,4,3.59,0,67,75.3,72,30,7,62,21,1.24,7.41,2.51,3.57,0.1,9486
2014,Frank Francisco,1,1,4.1,0,34,30.7,28,14,3,31,13,1.34,9.09,3.81,3.57,0.1,1933
2014,Brian Matusz,3,2,3.66,0,69,59,54,24,6,58,21,1.27,8.85,3.2,3.57,0.6,2646
2014,Kevin Quackenbush,4,4,3.47,0,53,57,48,22,4,59,29,1.35,9.32,4.58,3.57,0.1,sa598117
2014,Tim Lincecum,11,12,3.8,29,29,180,162,76,17,177,71,1.29,8.85,3.55,3.58,1.8,5705
2014,Jered Weaver,13,8,3.24,27,27,172.3,152,62,18,142,42,1.13,7.42,2.19,3.58,3.2,4235
2014,A.J. Ramos,4,3,3.45,0,68,75.7,63,29,6,79,37,1.32,9.39,4.4,3.58,0.3,8350
2014,David Carpenter,4,3,3.47,0,61,70,62,27,7,69,24,1.23,8.87,3.09,3.58,0.3,3959
2014,Matt Moore,12,9,3.42,30,31,171.3,144,65,16,180,75,1.28,9.46,3.94,3.58,2.8,1890
2014,Matt Lindstrom,2,2,3.76,0,61,52.7,52,22,4,42,18,1.33,7.17,3.07,3.58,0.5,4604
2014,Brad Ziegler,4,2,3.23,0,69,61.3,57,22,4,41,19,1.24,6.02,2.79,3.59,0.3,7293
2014,Cory Gearrin,3,2,3.52,0,49,53.7,48,21,3,50,25,1.36,8.38,4.19,3.59,0.2,7947
2014,Joakim Soria,3,2,3.76,0,43,40.7,36,17,5,44,14,1.23,9.73,3.1,3.59,0.4,6941
2014,Brad Boxberger,4,2,3.25,0,60,72,57,26,7,86,36,1.29,10.75,4.5,3.59,0.4,10133
2014,Carter Capps,3,3,3.82,0,60,75.3,71,32,8,78,28,1.31,9.32,3.35,3.59,0.4,12803
2014,Dan Haren,11,10,3.71,27,27,162.7,159,67,20,138,30,1.16,7.63,1.66,3.59,2,1757
2014,Josh Kinney,2,2,3.54,0,43,48.3,46,19,3,36,17,1.3,6.71,3.17,3.61,0.1,3638
2014,Derek Law,4,4,3.47,0,43,62.3,55,24,6,62,23,1.25,8.96,3.32,3.61,0,sa502368
2014,John Axford,6,5,3.84,0,71,65.7,60,28,8,74,26,1.31,10.14,3.56,3.61,0.3,9059
2014,Aaron Loup,5,3,3.71,0,67,72.7,71,30,7,58,17,1.21,7.18,2.1,3.61,0.5,10343
2014,Noah Syndergaard,8,6,3.62,24,27,117,108,47,12,114,39,1.26,8.77,3,3.61,1.2,sa548169
2014,Homer Bailey,13,9,3.56,30,30,192,179,76,21,163,46,1.17,7.64,2.16,3.62,2.7,8362
2014,Robbie Ross,4,2,3.6,0,64,65,62,26,6,58,21,1.28,8.03,2.91,3.62,0.6,6819
2014,Adam Ottavino,3,2,3.95,0,56,84.3,81,37,8,82,34,1.36,8.75,3.63,3.62,0.8,1247
2014,Michael Brady,3,3,3.81,0,51,54.3,54,23,5,44,14,1.25,7.29,2.32,3.62,0.2,sa502167
2014,Brett Anderson,5,3,4.34,10,15,64.3,69,31,6,52,18,1.35,7.28,2.52,3.62,1,8223
2014,CC Sabathia,13,11,4.03,29,29,196.3,196,88,23,180,53,1.27,8.25,2.43,3.62,3.6,404
2014,Rafael Soriano,3,2,3.49,0,59,56.7,52,22,6,48,17,1.22,7.62,2.7,3.63,0.3,1100
2014,Brian Duensing,4,4,4.12,0,69,63.3,65,29,6,55,21,1.36,7.82,2.99,3.63,0.5,4064
2014,Dane de la Rosa,4,3,3.62,0,70,69.7,62,28,6,65,29,1.31,8.39,3.74,3.64,0.4,10095
2014,Will Harris,3,2,3.71,0,60,60.7,56,25,6,60,23,1.3,8.9,3.41,3.64,0.3,3192
2014,Francisco Rodriguez,4,3,3.68,0,62,58.7,52,24,7,64,23,1.28,9.81,3.53,3.64,0.2,1642
2014,Vic Black,5,4,3.65,0,56,61.7,52,25,5,68,32,1.36,9.92,4.67,3.65,0.1,9195
2014,Matt Garza,10,7,3.7,25,25,153.3,143,63,18,146,45,1.23,8.57,2.64,3.65,2,3340
2014,Shae Simmons,2,1,3.33,0,39,43.3,35,16,3,47,24,1.36,9.77,4.99,3.65,0.1,sa658540
2014,Eric Stults,8,9,3.77,24,26,148,149,62,12,95,38,1.26,5.78,2.31,3.65,1.6,8011
2014,Zach McAllister,8,9,4.05,27,27,153.3,160,69,13,113,44,1.33,6.63,2.58,3.65,2.4,2895
2014,Clayton Blackburn,6,6,3.72,23,23,133,131,55,13,104,33,1.23,7.04,2.23,3.66,1.3,sa598302
2014,Ubaldo Jimenez,12,9,3.77,30,30,172,154,72,18,183,75,1.33,9.58,3.92,3.66,3.1,3374
2014,Aaron Crow,5,4,3.77,0,63,57.3,53,24,6,59,24,1.34,9.27,3.77,3.66,0.4,10149
2014,Jon Lester,14,8,3.73,31,31,197.7,188,82,20,176,64,1.27,8.01,2.91,3.66,3.8,4930
2014,Jon Niese,10,9,3.78,27,27,161.7,161,68,14,121,49,1.3,6.73,2.73,3.66,1.6,4424
2014,Rafael Montero,10,9,3.76,25,25,138.7,134,58,14,110,33,1.2,7.14,2.14,3.66,1.5,sa597041
2014,Pedro Strop,5,3,3.29,0,66,63,53,23,5,64,29,1.3,9.14,4.14,3.67,0.2,4070
2014,Louis Coleman,3,2,3.51,0,53,69.3,59,27,7,75,31,1.3,9.74,4.03,3.67,0.5,9720
2014,Ian Kennedy,11,10,3.49,30,30,190.7,173,74,20,174,58,1.21,8.21,2.74,3.67,2.1,6986
2014,Kyle Farnsworth,3,3,4.11,0,43,35,35,16,3,28,12,1.34,7.2,3.09,3.68,0,278
2014,Anthony Swarzak,3,2,3.75,0,48,88.7,88,37,9,68,23,1.25,6.9,2.33,3.68,0.5,7466
2014,Tommy Milone,11,9,3.8,28,29,168.3,168,71,21,140,34,1.2,7.49,1.82,3.68,2.6,7608
2014,Brandon Morrow,9,7,3.87,23,23,125.7,113,54,15,137,49,1.29,9.81,3.51,3.68,2.2,9346
2014,Burke Badenhop,3,2,3.96,0,62,63.7,66,28,6,44,16,1.29,6.22,2.26,3.69,0.5,9736
2014,Jared Burton,4,4,3.66,0,63,59,54,24,6,56,19,1.24,8.54,2.9,3.69,0.5,8346
2014,Jose Flores,5,4,3.73,0,53,60.3,57,25,4,50,26,1.38,7.46,3.88,3.69,0.3,sa503583
2014,Rick Porcello,12,10,4.35,29,32,175.7,194,85,18,129,41,1.34,6.61,2.1,3.7,2.7,2717
2014,Chang-Yong Lim,1,1,3.9,0,36,32.3,30,14,2,31,17,1.46,8.64,4.74,3.7,0.1,14445
2014,Kevin Gausman,10,9,4.28,27,27,147.3,151,70,18,129,36,1.27,7.88,2.2,3.7,2.4,14107
2014,Edwin Jackson,11,11,3.99,29,29,173.7,177,77,17,139,54,1.33,7.2,2.8,3.7,2.2,1841
2014,Drew Smyly,10,8,4.07,25,25,135,130,61,16,127,41,1.27,8.47,2.73,3.71,2.3,11760
2014,Hunter Strickland,1,1,3.64,0,45,47,45,19,4,36,15,1.28,6.89,2.87,3.71,0,sa392092
2014,Brandon McCarthy,8,7,4.05,22,22,137.7,148,62,14,89,24,1.25,5.82,1.57,3.71,1.9,4662
2014,Wilton Lopez,4,3,4.16,0,70,69.3,76,32,7,48,15,1.31,6.23,1.95,3.71,0.5,4227
2014,Jim Henderson,6,4,3.5,0,62,61.7,51,24,7,73,29,1.3,10.65,4.23,3.71,0.1,6653
2014,Brandon Kintzler,3,2,3.74,0,53,57.7,57,24,5,43,18,1.3,6.71,2.81,3.72,0.1,9939
2014,Eric O'Flaherty,2,1,3.29,0,46,41,37,15,4,33,13,1.22,7.24,2.85,3.73,0.2,5746
2014,Evan Scribner,2,2,3.88,0,49,62.7,60,27,6,52,21,1.29,7.46,3.01,3.73,0.3,7525
2014,Jerry Blevins,3,2,3.4,0,61,58.3,51,22,6,52,18,1.18,8.03,2.78,3.73,0.3,7841
2014,Zack Wheeler,10,8,3.62,30,30,166.7,154,67,15,151,66,1.32,8.15,3.56,3.74,1.8,10310
2014,Chad Billingsley,6,6,3.9,16,16,97,95,42,8,77,36,1.35,7.14,3.34,3.74,0.9,5842
2014,Matt Thornton,4,3,3.96,0,57,47.7,48,21,5,40,14,1.3,7.55,2.64,3.74,0.3,1918
2014,Ricky Nolasco,10,11,4.2,30,30,177.7,189,83,20,139,39,1.28,7.04,1.98,3.74,2.7,3830
2014,Jeff Walters,5,4,3.52,0,49,56.3,53,22,5,46,18,1.26,7.35,2.88,3.74,0,sa328221
2014,Jason Frasor,3,2,3.83,0,53,44.7,40,19,5,47,19,1.32,9.46,3.83,3.74,0.4,1906
2014,Rich Hill,1,1,3.97,0,43,31.7,27,14,3,37,18,1.42,10.5,5.11,3.74,0.2,4806
2014,Nick Wittgren,2,2,3.68,0,56,58.7,56,24,5,48,21,1.31,7.36,3.22,3.75,0.1,sa621793
2014,Bruce Rondon,3,2,4.11,0,63,57,53,26,5,59,29,1.44,9.32,4.58,3.75,0.3,5766
2014,Marco Estrada,8,6,3.92,23,23,135.3,126,59,18,125,35,1.19,8.31,2.33,3.75,1.8,1118
2014,Yovani Gallardo,13,10,3.89,31,31,185.3,176,80,21,170,64,1.3,8.26,3.11,3.75,2.1,8173
2014,Jameson Taillon,8,8,3.74,23,24,146.7,143,61,12,110,48,1.3,6.75,2.94,3.76,1.4,sa548151
2014,Jake Dunning,3,3,3.68,0,57,73.3,71,30,5,50,24,1.3,6.14,2.95,3.76,-0.2,10803
2014,Heath Hembree,2,2,3.52,0,59,56.3,50,22,5,53,24,1.31,8.47,3.84,3.76,-0.2,11632
2014,Carlos Martinez,7,5,3.74,18,32,108.3,106,45,8,84,39,1.34,6.98,3.24,3.76,0.5,11682
2014,Christian Garcia,2,2,3.63,0,48,52,47,21,4,45,21,1.31,7.79,3.63,3.76,0.1,4067
2014,Heath Bell,4,3,3.81,0,62,59,56,25,7,56,19,1.27,8.54,2.9,3.76,0.2,2080
2014,Wade Miley,12,9,3.81,30,31,186.7,187,79,18,136,53,1.29,6.56,2.55,3.76,2.3,8779
2014,Oliver Perez,3,3,3.91,0,55,53,46,23,6,62,27,1.38,10.53,4.58,3.76,0.3,1514
2014,Scott Kazmir,6,5,4.04,17,17,91.3,86,41,10,86,33,1.3,8.48,3.25,3.77,1.2,4897
2014,Nick Hill,3,3,3.91,0,44,48.3,43,21,4,52,25,1.41,9.69,4.66,3.77,0.3,sa390200
2014,Lee Stoppelman,4,3,3.71,0,44,51,46,21,4,48,24,1.37,8.47,4.24,3.77,0,sa658588
2014,Jeremy Affeldt,2,2,3.48,0,49,44,40,17,3,35,18,1.32,7.16,3.68,3.78,-0.1,583
2014,Joe Wieland,3,3,3.89,9,9,44,40,19,5,39,14,1.23,7.98,2.86,3.78,0.4,6109
2014,Darren Oliver,3,2,3.68,0,47,44,41,18,5,39,13,1.23,7.98,2.66,3.78,0.3,206
2014,Fautino De Los Santos,2,2,3.44,0,28,34,30,13,3,34,16,1.35,9,4.24,3.78,0,5841
2014,Chris Withrow,3,3,3.48,0,47,54.3,46,21,5,56,26,1.33,9.28,4.31,3.78,-0.1,7161
2014,Luis Ayala,3,2,3.76,0,51,52.7,53,22,4,35,16,1.31,5.98,2.73,3.79,0,1650
2014,Chad Gaudin,3,3,4.01,7,31,74,71,33,7,63,28,1.34,7.66,3.41,3.79,0.3,1783
2014,Jose Mijares,2,1,4.02,0,65,53.7,53,24,5,50,22,1.4,8.38,3.69,3.79,0.4,4140
2014,Tyler Skaggs,10,9,3.81,27,28,158.3,148,67,14,140,63,1.33,7.96,3.58,3.79,2.2,10190
2014,Clay Buchholz,8,5,3.64,21,21,128.7,119,52,12,105,46,1.28,7.34,3.22,3.79,2.2,3543
2014,Andrew Triggs,3,3,4.05,0,37,60,62,27,5,43,18,1.33,6.45,2.7,3.8,0.4,sa549679
2014,Scott Downs,3,2,3.86,0,55,37.3,36,16,3,31,16,1.39,7.48,3.86,3.8,0.2,773
2014,A.J. Burnett,11,10,3.94,28,28,171.3,162,75,19,168,65,1.33,8.83,3.42,3.81,1.8,512
2014,Casey Fien,4,4,4.07,0,58,55.3,52,25,8,58,17,1.25,9.44,2.77,3.81,0.4,3926
2014,Ian Krol,3,2,4.16,0,60,56.3,56,26,7,51,17,1.3,8.15,2.72,3.81,0.3,10066
2014,Josh Lueke,3,3,4,0,53,72,70,32,6,61,29,1.38,7.63,3.63,3.81,0.3,5722
2014,Tyson Ross,7,8,3.81,19,31,122.7,115,52,9,98,51,1.35,7.19,3.74,3.82,0.4,7872
2014,Sandy Rosario,3,3,3.88,0,54,58,57,25,4,41,23,1.38,6.36,3.57,3.82,-0.1,1525
2014,Joel Carreno,5,4,3.65,0,51,61.7,55,25,6,66,30,1.38,9.63,4.38,3.83,-0.1,2746
2014,Josh Beckett,6,6,3.73,17,17,103.7,96,43,12,90,31,1.22,7.81,2.69,3.83,0.8,510
2014,Cory Burns,3,2,3.9,0,59,62.3,61,27,5,53,26,1.4,7.66,3.76,3.83,0.6,6620
2014,Darin Downs,2,2,4.15,0,46,52,51,24,5,48,21,1.38,8.31,3.63,3.84,0.2,5903
2014,Yusmeiro Petit,5,7,4.1,20,20,116.3,119,53,13,88,28,1.26,6.81,2.17,3.84,0.8,4020
2014,Burch Smith,7,8,3.85,26,28,128.7,120,55,15,120,43,1.27,8.39,3.01,3.84,1.1,12784
2014,Brandon League,4,4,4.03,0,63,60.3,61,27,5,40,19,1.33,5.97,2.84,3.84,-0.2,3731
2014,Tony Cingrani,9,6,3.46,25,30,138,113,53,17,153,59,1.25,9.98,3.85,3.84,1.5,12555
2014,Wandy Rodriguez,8,7,3.63,20,20,119,113,48,12,83,32,1.22,6.28,2.42,3.85,1.2,2586
2014,Chris Capuano,7,8,4.11,23,25,131.3,132,60,16,107,35,1.27,7.33,2.4,3.85,0.8,1701
2014,Brandon Lyon,2,2,4.19,0,40,38.7,39,18,4,30,12,1.32,6.98,2.79,3.85,0,1312
2014,Gavin Floyd,8,6,3.77,18,19,114.7,108,48,12,92,34,1.24,7.22,2.67,3.85,1.3,3886
2014,Justin De Fratus,4,3,3.92,0,59,62,58,27,5,54,26,1.35,7.84,3.77,3.85,0.1,4955
2014,Hiroki Kuroda,13,9,3.74,28,28,178,177,74,21,135,42,1.23,6.83,2.12,3.86,2.8,3283
2014,Juan Gutierrez,2,2,3.79,0,35,38,36,16,4,33,14,1.32,7.82,3.32,3.86,-0.2,3265
2014,Tim Cooney,10,9,4.19,23,23,133.3,143,62,13,87,29,1.29,5.87,1.96,3.87,1.2,sa621471
2014,J.P. Howell,2,2,3.37,0,59,50.7,44,19,5,46,21,1.28,8.17,3.73,3.88,-0.1,8245
2014,Pat Neshek,3,2,3.83,0,50,47,46,20,5,37,15,1.3,7.09,2.87,3.88,0,4682
2014,LaTroy Hawkins,2,2,4.27,0,56,52.7,59,25,6,35,11,1.33,5.98,1.88,3.88,0.4,729
2014,Al Alburquerque,4,3,3.86,0,48,49,38,21,6,71,33,1.45,13.04,6.06,3.88,0.2,6324
2014,Derek Holland,12,8,3.96,30,31,193.3,187,85,25,176,59,1.27,8.19,2.75,3.89,3.2,4141
2014,Phil Coke,3,3,4.47,0,57,46.3,48,23,5,40,18,1.43,7.78,3.5,3.89,0.2,5535
2014,Santiago Casilla,4,4,3.44,0,56,49.7,44,19,4,41,22,1.33,7.42,3.98,3.89,-0.2,2873
2014,Carlos Villanueva,7,6,3.79,14,39,114,105,48,13,96,37,1.25,7.58,2.92,3.9,0.5,4138
2014,R.J. Alvarez,3,3,3.83,0,34,42.3,36,18,4,47,23,1.39,10,4.89,3.9,0.1,sa578001
2014,Jose Quintana,9,7,3.98,32,33,187.7,185,83,21,151,58,1.29,7.24,2.78,3.9,3.2,11423
2014,Alex Torres,3,3,3.58,0,61,65.3,52,26,4,70,43,1.45,9.65,5.93,3.91,-0.1,7038
2014,Tom Wilhelmsen,2,3,3.87,0,66,69.7,61,30,7,68,33,1.35,8.78,4.26,3.91,0.2,9975
2014,Tim Stauffer,5,5,3.77,14,32,109.7,106,46,10,79,35,1.29,6.48,2.87,3.91,0.1,6432
2014,Seth Maness,3,3,3.91,0,76,78.3,83,34,8,45,14,1.24,5.17,1.61,3.92,-0.3,12235
2014,Troy Patton,2,1,3.99,0,51,58.7,58,26,7,47,16,1.26,7.21,2.45,3.92,0.3,8368
2014,Hyun-Jin Ryu,11,10,3.65,27,27,182.3,170,74,24,157,50,1.21,7.75,2.47,3.93,1.3,14444
2014,Michael Morin,3,3,4.14,0,46,54.3,55,25,6,42,15,1.29,6.96,2.49,3.93,0.1,sa503374
2014,Roy Halladay,7,7,4.09,20,20,118.7,116,54,14,98,34,1.26,7.43,2.58,3.94,1.3,1303
2014,Craig Breslow,3,2,3.79,0,62,57,55,24,5,43,22,1.35,6.79,3.47,3.94,0.4,4363
2014,Ross Detwiler,7,7,3.96,20,23,116,120,51,10,70,33,1.32,5.43,2.56,3.94,0.9,2859
2014,Edward Mujica,3,2,3.9,1,64,62.3,62,27,9,47,10,1.16,6.79,1.44,3.95,0.3,3970
2014,Pedro Feliciano,1,1,4.05,0,29,20,19,9,2,16,7,1.3,7.2,3.15,3.95,0,1601
2014,Gonzalez Germen,7,8,4.07,0,65,79.7,77,36,9,69,28,1.32,7.79,3.16,3.95,0,5876
2014,Casey Kelly,3,4,4.29,12,12,63,69,30,6,45,19,1.4,6.43,2.71,3.95,0.4,9174
2014,Alfredo Simon,4,3,3.51,0,51,71.7,67,28,7,55,22,1.24,6.9,2.76,3.95,-0.1,2155
2014,Joe Kelly,9,7,3.87,22,33,146.7,150,63,12,97,51,1.37,5.95,3.13,3.95,0.5,9761
2014,Blake Parker,2,2,3.83,0,51,54,48,23,6,55,24,1.33,9.17,4,3.96,0.1,5224
2014,Jeff Karstens,5,5,4.05,15,18,91,96,41,10,55,19,1.26,5.44,1.88,3.96,0.6,5879
2014,Jake Barrett,3,2,4.02,0,55,53.7,53,24,6,43,15,1.27,7.21,2.51,3.96,0.1,sa501237
2014,Alex Meyer,6,6,4.2,21,21,100.7,98,47,9,92,47,1.44,8.22,4.2,3.96,1.3,sa455438
2014,Steven Ames,3,3,4.11,0,49,54.7,55,25,5,42,20,1.37,6.91,3.29,3.96,-0.1,9615
2014,Andy Pettitte,8,7,4.19,21,21,126.7,132,59,15,95,35,1.32,6.75,2.49,3.96,1.8,840
2014,Ivan Nova,11,9,3.98,26,28,165,167,73,16,124,53,1.33,6.76,2.89,3.97,2.1,1994
2014,Tommy Hunter,6,4,4,0,70,81,79,36,12,69,17,1.19,7.67,1.89,3.97,0.3,1157
2014,Justin Grimm,8,9,4.27,24,30,135,141,64,12,95,47,1.39,6.33,3.13,3.97,1.2,11720
2014,Tony Sipp,3,3,3.66,0,64,51.7,43,21,6,54,24,1.3,9.4,4.18,3.98,-0.1,8280
2014,Chris Heston,6,8,4.03,21,21,122.7,123,55,10,86,45,1.37,6.31,3.3,3.98,0.7,sa455543
2014,Severino Gonzalez,6,6,4.23,14,25,95.7,97,45,11,78,29,1.32,7.34,2.73,3.98,0.5,sa596363
2014,Tanner Scheppers,4,3,3.75,0,73,72,70,30,8,59,21,1.26,7.38,2.63,3.98,0.5,10267
2014,Daniel Hudson,3,3,4.29,8,8,48.3,50,23,6,36,12,1.28,6.71,2.24,3.98,0.5,7146
2014,Jesus Castillo,3,3,3.84,5,39,63.3,64,27,5,39,20,1.33,5.55,2.84,3.98,0.2,sa287103
2014,John Lackey,13,9,4.07,26,27,166,168,75,22,139,41,1.26,7.54,2.22,3.98,2.5,1507
2014,Juan Noriega,5,5,4,0,49,65.3,64,29,6,49,23,1.33,6.75,3.17,3.98,-0.2,sa543294
2014,Shaun Marcum,6,7,4.29,19,20,115.3,116,55,14,91,33,1.29,7.1,2.58,3.98,1.5,6204
2014,Dan Jennings,5,5,3.94,0,61,64,61,28,5,52,30,1.42,7.31,4.22,3.99,-0.1,8073
2014,Chris Archer,11,9,3.72,29,30,152.3,141,63,15,131,60,1.32,7.74,3.55,3.99,1.5,6345
2014,Justin Wilson,4,3,3.38,0,64,72,61,27,6,62,34,1.32,7.75,4.25,3.99,-0.1,4301
2014,Austin Adams,2,3,4.25,0,46,55,50,26,6,61,29,1.44,9.98,4.75,3.99,0.1,sa455514
2014,Jhoulys Chacin,13,8,4.02,27,27,163.3,166,73,15,113,58,1.37,6.23,3.2,4,2.5,2608
2014,Henderson Alvarez,8,9,3.94,25,25,148.3,153,65,12,78,40,1.3,4.73,2.43,4,1.3,5669
2014,Matt Barnes,9,7,4.2,25,25,122,119,57,14,114,48,1.37,8.41,3.54,4,1.8,sa526376
2014,Brandon Beachy,6,5,3.76,18,18,95.7,85,40,12,91,36,1.26,8.56,3.39,4,0.7,8851
2014,Michael Gonzalez,1,1,4.19,0,56,43,41,20,6,47,18,1.37,9.84,3.77,4,-0.1,1794
2014,James Russell,4,3,3.92,0,72,59.7,59,26,7,44,17,1.27,6.63,2.56,4,0.2,4089
2014,Jared Hughes,3,3,3.88,0,56,62.7,61,27,5,43,23,1.34,6.17,3.3,4,-0.2,9325
2014,Danny Duffy,5,4,4.12,16,16,94,89,43,9,90,47,1.45,8.62,4.5,4.01,1.2,3542
2014,Juan Oviedo,1,1,4.31,0,18,16.7,16,8,2,14,6,1.32,7.54,3.23,4.01,0,2886
2014,Kevin Slowey,4,5,4.3,13,17,81.7,89,39,10,57,17,1.3,6.28,1.87,4.01,0.5,9918
2014,Anthony Varvaro,3,3,3.71,0,54,68,62,28,5,55,34,1.41,7.28,4.5,4.02,-0.2,2385
2014,Sean Burnett,2,1,3.97,0,42,34,33,15,4,29,11,1.29,7.68,2.91,4.02,0,1886
2014,Juan Nicasio,8,6,4.46,24,24,125,133,62,14,99,42,1.4,7.13,3.02,4.02,2,7731
2014,Taylor Jordan,7,7,4.04,21,22,115.7,122,52,10,64,30,1.31,4.98,2.33,4.02,0.8,10466
2014,Javy Guerra,2,2,4,0,47,56.3,55,25,5,44,23,1.39,7.03,3.68,4.02,-0.3,7407
2014,Neil Wagner,4,3,4.12,0,57,59,56,27,7,57,25,1.37,8.69,3.81,4.03,0.3,8162
2014,Felix Doubront,9,7,4.26,24,29,137.3,133,65,16,128,57,1.38,8.39,3.74,4.03,1.8,1478
2014,Ty Blach,7,9,4.12,20,22,126.7,130,58,12,86,40,1.34,6.11,2.84,4.03,0.5,sa658009
2014,Dan Straily,11,9,3.84,31,31,175.7,159,75,20,160,68,1.29,8.2,3.48,4.04,2.2,9460
2014,Tyler Chatwood,9,7,4.31,27,29,142,153,68,11,91,55,1.46,5.77,3.49,4.04,1.9,4338
2014,Chris Perez,4,4,3.95,0,61,59.3,54,26,8,57,20,1.25,8.65,3.04,4.04,-0.3,5213
2014,Erik Davis,6,5,4.07,0,53,66.3,65,30,7,53,23,1.33,7.19,3.12,4.04,-0.1,8422
2014,Arquimedes Caminero,3,3,4.08,0,48,53,50,24,5,48,24,1.4,8.15,4.08,4.05,0,8992
2014,Jason Hammel,7,7,4.01,22,25,134.7,132,60,14,103,48,1.34,6.88,3.21,4.05,1.3,4538
2014,Brian Moran,4,4,4.24,0,48,63.7,64,30,8,56,20,1.32,7.91,2.83,4.05,0,sa501495
2014,Fernando Abad,3,3,4.15,3,55,60.7,61,28,7,48,19,1.32,7.12,2.82,4.05,0.2,4994
2014,Jarrod Parker,11,9,3.93,30,30,174,164,76,18,133,63,1.3,6.88,3.26,4.05,1.8,4913
2014,Hector Rondon,1,1,4.1,0,25,30.7,29,14,3,25,12,1.34,7.33,3.52,4.06,0,2391
2014,Charlie Morton,6,7,4.01,22,22,121.3,125,54,9,78,43,1.39,5.79,3.19,4.06,0.7,4676
2014,Taijuan Walker,9,11,4.07,23,23,137,129,62,14,122,58,1.36,8.01,3.81,4.06,1.7,11836
2014,Brian Schlitter,4,4,4.15,0,53,65,67,30,6,42,19,1.32,5.82,2.63,4.06,0,3599
2014,Preston Claiborne,1,1,4.29,0,55,63,64,30,8,53,19,1.32,7.57,2.71,4.06,0.3,10500
2014,Dillon Gee,9,9,4.09,25,26,156.3,158,71,18,115,44,1.29,6.62,2.53,4.07,0.7,7396
2014,Chad Qualls,3,4,4.44,0,60,54.7,58,27,6,38,17,1.37,6.25,2.8,4.07,0,2170
2014,Matt Harrison,9,7,4.12,19,19,111.3,114,51,12,78,37,1.36,6.31,2.99,4.07,1.5,5551
2014,Jose Casilla,4,5,3.91,1,33,50.7,52,22,4,27,15,1.32,4.79,2.66,4.07,-0.3,sa456056
2014,Jonathan Broxton,3,2,3.65,0,38,37,34,15,4,31,13,1.27,7.54,3.16,4.07,-0.1,4759
2014,Luke Putkonen,3,3,4.19,0,50,62.3,63,29,6,52,28,1.46,7.51,4.04,4.08,0.1,6736
2014,Nathan Eovaldi,7,8,4.09,25,26,134.3,137,61,12,93,52,1.41,6.23,3.48,4.08,1,9132
2014,Mark Mulder,0,0,5.05,0,9,10.7,11,6,1,7,4,1.4,5.89,3.36,4.08,0,932
2014,Matt Andriese,9,9,4.09,25,27,132,134,60,12,85,42,1.33,5.8,2.86,4.08,1.1,sa577754
2014,Wei-Yin Chen,9,8,4.16,27,27,160,161,74,21,129,46,1.29,7.26,2.59,4.08,2.3,13071
2014,Xavier Cedeno,1,1,3.96,0,61,52.3,49,23,5,46,23,1.38,7.92,3.96,4.08,0,36
2014,Brandon Gomes,3,3,4.13,0,50,52.3,48,24,7,53,20,1.3,9.12,3.44,4.08,0.1,2267
2014,Stephen Pryor,1,1,4.2,0,30,30,27,14,3,31,17,1.47,9.3,5.1,4.08,0.1,10663
2014,Kyle McPherson,5,6,4.23,17,20,95.7,101,45,11,64,22,1.29,6.02,2.07,4.08,0.5,5009
2014,Ryan Vogelsong,7,9,4.02,23,24,134.3,134,60,14,98,45,1.33,6.57,3.02,4.08,0.5,1011
2014,Bud Norris,10,9,4.31,29,30,173.3,172,83,22,158,64,1.36,8.21,3.32,4.09,2.4,9492
2014,Kyle Lohse,10,8,3.87,27,27,165.3,167,71,22,111,33,1.21,6.04,1.8,4.09,1.5,739
2014,Jesse Chavez,5,5,4.23,8,38,89.3,89,42,10,71,29,1.32,7.16,2.92,4.09,0.2,5448
2014,Fernando Rodriguez,4,4,4.1,0,47,52.7,47,24,6,55,27,1.4,9.39,4.61,4.09,0,7558
2014,Kyle Crick,4,4,3.83,19,19,84.7,72,36,4,82,61,1.57,8.71,6.48,4.1,0.4,sa597770
2014,Cody Eppley,2,2,4.21,0,57,51.3,50,24,3,36,27,1.5,6.32,4.74,4.1,-0.3,9095
2014,Will Smith,8,8,4.25,18,40,137.7,136,65,18,121,45,1.31,7.91,2.94,4.1,0.4,8048
2014,Neftali Feliz,2,1,3.65,4,27,37,32,15,4,35,18,1.35,8.51,4.38,4.1,0.3,18
2014,Matt Albers,2,3,4.22,0,57,59.7,58,28,6,48,25,1.39,7.24,3.77,4.1,0,4300
2014,Caleb Thielbar,4,4,4.11,0,60,70,67,32,8,60,27,1.34,7.71,3.47,4.11,0.3,10078
2014,Jose De Paula,5,7,4.27,18,20,92.7,99,44,7,52,31,1.4,5.05,3.01,4.11,0.3,sa456462
2014,Trevor Cahill,12,10,4.04,30,30,178.3,175,80,17,131,69,1.37,6.61,3.48,4.11,1.5,6249
2014,Erik Bedard,7,8,4.24,22,24,121,114,57,14,112,54,1.39,8.33,4.02,4.11,1.3,126
2014,Marcos Mateo,2,2,4.15,0,30,34.7,34,16,3,28,16,1.44,7.26,4.15,4.11,0,6869
2014,Chris Rearick,3,3,4.07,0,45,55.3,53,25,5,45,24,1.39,7.32,3.91,4.11,-0.3,sa550150
2014,Zech Zinicola,2,2,4.33,0,36,45.7,47,22,5,35,16,1.38,6.89,3.15,4.12,0.1,sa326785
2014,Paul Maholm,9,10,3.97,24,24,147.3,149,65,16,100,41,1.29,6.11,2.51,4.12,0.6,8678
2014,Blake Treinen,6,6,4.15,16,24,99.7,105,46,11,61,24,1.29,5.51,2.17,4.13,0.4,sa549672
2014,Wade Davis,8,9,4.55,23,27,140.3,151,71,16,118,54,1.46,7.57,3.46,4.13,1.7,7441
2014,Jenrry Mejia,4,4,4.22,13,21,74.7,77,35,7,53,29,1.42,6.39,3.49,4.13,0,8476
2014,Matt Grace,5,5,4.06,0,52,71,73,32,6,41,23,1.35,5.2,2.92,4.13,-0.2,sa526941
2014,Jacob Degrom,6,7,4.32,23,23,127,133,61,12,81,40,1.36,5.74,2.83,4.13,0.6,sa548447
2014,Nicholas Kingham,7,8,4.13,26,27,133,133,61,14,98,45,1.34,6.63,3.05,4.14,0.7,sa548285
2014,Tom Gorzelanny,4,4,4.13,8,38,80.7,77,37,11,77,30,1.33,8.59,3.35,4.14,0.1,6244
2014,Jeanmar Gomez,7,8,4,20,32,128.3,127,57,11,75,43,1.33,5.26,3.02,4.14,0.1,9033
2014,Steve Delabar,5,4,3.9,0,56,62.3,52,27,8,78,36,1.41,11.27,5.2,4.14,0.2,11827
2014,Jose Valverde,2,2,3.85,0,49,46.7,41,20,5,43,21,1.33,8.29,4.05,4.14,-0.1,1726
2014,J.R. Graham,5,4,4.13,17,17,85,88,39,7,50,29,1.38,5.29,3.07,4.14,0.5,sa579841
2014,Johan Santana,2,3,4.43,9,9,44.7,45,22,6,37,15,1.34,7.45,3.02,4.14,0.2,755
2014,Jonathan Pettibone,7,8,4.2,24,24,135,142,63,12,85,47,1.4,5.67,3.13,4.14,0.9,7106
2014,Marc Rzepczynski,2,2,4.13,0,69,61,60,28,6,49,25,1.39,7.23,3.69,4.15,-0.1,6612
2014,Kyle Kendrick,10,10,4.23,24,31,151,158,71,17,98,40,1.31,5.84,2.38,4.15,0.8,6230
2014,A.J. Griffin,11,10,3.97,31,31,183.7,172,81,27,157,50,1.21,7.69,2.45,4.15,2.2,11132
2014,Kevin Gregg,3,3,3.96,0,48,50,47,22,5,44,24,1.42,7.92,4.32,4.15,-0.1,1793
2014,Hector Santiago,6,5,3.81,18,34,122.7,112,52,13,113,53,1.34,8.29,3.89,4.15,0.7,4026
2014,Phil Hughes,8,11,4.64,26,27,141.7,152,73,20,118,39,1.35,7.49,2.48,4.15,1.6,7450
2014,Preston Guilmet,3,3,4.58,0,54,59,62,30,7,46,19,1.37,7.02,2.9,4.15,-0.1,7303
2014,Matthew Wisler,7,9,4.21,26,26,124,123,58,12,92,46,1.36,6.68,3.34,4.15,0.5,sa601046
2014,Edinson Volquez,8,11,4.48,29,30,164.7,166,82,16,130,73,1.45,7.1,3.99,4.15,0.7,3990
2014,Yordano Ventura,7,7,4.2,26,26,137.3,137,64,14,114,57,1.41,7.47,3.74,4.15,1.5,11855
2014,Danny Hultzen,5,6,4.1,16,16,70.3,65,32,6,66,39,1.48,8.45,4.99,4.16,0.8,sa455118
2014,Mike Leake,11,9,4.02,29,30,179.3,183,80,23,119,41,1.25,5.97,2.06,4.16,1.2,10130
2014,Brad Lincoln,4,3,4.07,0,56,66.3,63,30,8,60,26,1.34,8.14,3.53,4.16,0,4241
2014,Shawn Tolleson,2,2,4.41,0,36,36.7,34,18,5,39,16,1.36,9.56,3.92,4.17,0.1,10481
2014,Kameron Loe,5,6,4.12,5,55,78.7,83,36,8,47,23,1.35,5.37,2.63,4.17,-0.6,4422
2014,R.A. Dickey,13,10,4,29,30,195.7,186,87,27,162,56,1.24,7.45,2.58,4.17,2.6,1245
2014,Kevin Jepsen,3,3,4.22,0,54,49,49,23,6,43,19,1.39,7.9,3.49,4.17,-0.1,6475
2014,Adalberto Mejia,6,8,4.2,16,22,94.3,97,44,10,63,28,1.33,6.01,2.67,4.17,0.1,sa596976
2014,Chia-Jen Lo,1,1,4.5,0,31,32,32,16,4,29,13,1.41,8.16,3.66,4.17,0.1,5440
2014,Grant Dayton,4,5,4.09,0,38,55,52,25,6,53,26,1.42,8.67,4.25,4.18,-0.2,sa549077
2014,Justin Nicolino,5,7,4.45,25,27,127.3,138,63,12,75,38,1.38,5.3,2.69,4.18,0.8,sa548278
2014,Ryan Mattheus,2,3,4.28,0,55,54.7,57,26,5,33,19,1.39,5.43,3.13,4.18,-0.3,7169
2014,Travis Wood,11,10,3.88,31,31,183.3,172,79,21,136,61,1.27,6.68,3,4.18,1.9,9884
2014,Scott Feldman,8,9,4.42,22,26,128.3,133,63,16,97,39,1.34,6.8,2.74,4.19,1.1,6283
2014,Michael Bowden,3,2,3.94,0,53,64,59,28,7,54,27,1.34,7.59,3.8,4.19,-0.1,4440
2014,Zac Rosscup,2,1,3.8,0,39,40.3,34,17,4,45,25,1.46,10.05,5.58,4.19,0,9419
2014,Luis Avilan,3,3,3.62,0,76,64.7,59,26,6,47,26,1.31,6.54,3.62,4.19,-0.3,2882
2014,Matt Stites,2,2,4.31,0,47,48,49,23,7,39,11,1.25,7.31,2.06,4.19,-0.1,sa549890
2014,Jeremy Horst,2,2,4.35,0,43,49.7,51,24,5,40,21,1.45,7.24,3.8,4.19,-0.1,596
2014,Lucas Luetge,2,2,4.35,0,57,60,58,29,6,54,30,1.47,8.1,4.5,4.2,0,8337
2014,Clay Rapada,1,1,4.36,0,50,33,32,16,3,26,15,1.42,7.09,4.09,4.2,0,4831
2014,Luis Perez,1,1,4.07,0,21,24.3,23,11,3,22,10,1.36,8.15,3.7,4.2,0,6389
2014,Ronald Belisario,5,5,4.32,0,74,66.7,66,32,6,53,31,1.45,7.15,4.18,4.2,0.1,2203
2014,Ryan Webb,4,4,4.17,0,64,69,71,32,7,46,24,1.38,6,3.13,4.21,0.1,7474
2014,Brian Gordon,2,2,4.64,0,46,54.3,60,28,7,38,12,1.33,6.3,1.99,4.21,0.1,2374
2014,Hideki Okajima,3,3,4.4,0,37,43,44,21,5,30,13,1.33,6.28,2.72,4.21,-0.1,7763
2014,Rob Delaney,2,2,4.38,0,35,47.3,50,23,4,27,17,1.42,5.14,3.23,4.21,-0.1,5100
2014,Marcus Stroman,7,7,4.41,21,21,114.3,113,56,20,113,28,1.23,8.9,2.2,4.21,1.3,sa501969
2014,Michael Kohn,3,2,3.99,0,65,58.7,52,26,8,61,26,1.33,9.35,3.99,4.22,0,8505
2014,Matt Guerrier,2,3,4.46,0,42,36.3,37,18,4,27,14,1.4,6.69,3.47,4.23,0,2061
2014,Garrett Richards,7,8,4.47,19,40,139,145,69,14,95,54,1.43,6.15,3.5,4.24,0.2,9784
2014,Mike Wright,7,7,4.47,25,25,137,148,68,17,93,36,1.34,6.11,2.36,4.24,1.6,sa577951
2014,Michael Stutes,3,3,4.2,0,36,40.7,39,19,4,33,19,1.43,7.3,4.2,4.25,-0.1,6550
2014,Tyler Lyons,8,8,4.39,21,28,127,132,62,14,88,41,1.36,6.24,2.91,4.25,0,11334
2014,Adam Conley,7,9,4.38,25,26,125.3,128,61,11,89,53,1.44,6.39,3.81,4.25,0.7,sa597781
2014,Matt Langwell,3,3,4.24,0,50,68,68,32,5,50,34,1.5,6.62,4.5,4.25,-0.2,8130
2014,Jesse Biddle,9,9,4.25,27,27,133.3,123,63,13,127,74,1.48,8.57,5,4.26,0.8,sa548186
2014,Nate Karns,8,8,3.99,23,25,126.3,114,56,16,122,56,1.35,8.69,3.99,4.26,1,12638
2014,Carlos Marmol,3,3,3.9,0,60,57.7,46,25,6,70,40,1.49,10.92,6.24,4.26,-0.2,2790
2014,Brian Flynn,8,10,4.39,28,28,155.7,164,76,14,103,62,1.45,5.95,3.58,4.26,1,12027
2014,Chris Tillman,14,11,4.14,32,32,187,176,86,27,167,66,1.29,8.04,3.18,4.26,2.2,5279
2014,Jorge de la Rosa,7,5,4.55,18,18,93,100,47,10,64,34,1.44,6.19,3.29,4.26,1.1,2047
2014,Angel Castro,5,5,4.37,12,22,82.3,85,40,7,54,34,1.45,5.91,3.72,4.26,-0.1,sa327728
2014,Rafael Dolis,3,4,4.3,0,40,46,46,22,3,29,22,1.48,5.67,4.3,4.27,-0.4,4185
2014,Nick Hagadone,3,3,4.52,0,52,55.7,52,28,6,56,32,1.51,9.05,5.17,4.27,-0.1,1351
2014,Ryan Pressly,3,3,4.4,0,52,73.7,76,36,8,52,29,1.42,6.35,3.54,4.27,-0.1,7005
2014,Carlos Torres,8,9,4.14,17,41,128.3,124,59,16,102,43,1.3,7.16,3.02,4.27,-0.5,7624
2014,Bobby LaFromboise,3,4,4.52,0,51,63.7,66,32,6,48,28,1.48,6.78,3.96,4.27,-0.1,7758
2014,Jake Westbrook,8,8,4.47,22,22,129,143,64,10,64,46,1.47,4.47,3.21,4.27,0.3,412
2014,Jeremy Hefner,6,8,4.42,22,27,134.3,141,66,17,94,38,1.33,6.3,2.55,4.28,0.2,1989
2014,Kyler Newby,5,4,4.06,0,49,57.7,55,26,6,47,26,1.4,7.33,4.06,4.28,-0.1,sa288761
2014,Josh Tomlin,4,5,4.71,15,17,80.3,89,42,11,46,14,1.28,5.16,1.57,4.28,0.4,9388
2014,Ross Stripling,5,7,4.35,19,24,120,123,58,12,79,42,1.38,5.93,3.15,4.28,0.1,sa598259
2014,Jeff Niemann,5,5,4.13,14,14,72,71,33,9,53,23,1.31,6.63,2.88,4.28,0.5,8591
2014,Scott Rice,3,4,4.02,0,55,49.3,47,22,4,36,24,1.44,6.57,4.38,4.29,-0.4,2743
2014,Jeff Locke,8,10,4.09,29,30,158.3,154,72,15,118,71,1.42,6.71,4.04,4.29,0.5,2929
2014,Robert Coello,3,3,4.65,1,29,38.7,36,20,5,43,21,1.47,10,4.88,4.29,0.1,1149
2014,Dontrelle Willis,2,3,4.27,8,9,44.3,45,21,4,30,19,1.44,6.09,3.86,4.29,0,1703
2014,Sean Nolin,6,7,4.51,21,22,107.7,111,54,14,93,40,1.4,7.77,3.34,4.29,1,11341
2014,Micah Owings,2,2,4.24,3,15,29.7,30,14,4,24,10,1.35,7.27,3.03,4.29,-0.1,4253
2014,Joba Chamberlain,1,1,4.77,0,38,37.7,39,20,5,33,15,1.43,7.88,3.58,4.29,0,2692
2014,Miguel Gonzalez,10,8,4.18,24,29,150.7,147,70,20,117,49,1.3,6.99,2.93,4.3,1.5,7024
2014,Roy Oswalt,5,6,5.33,14,17,77.7,95,46,10,54,22,1.51,6.25,2.55,4.3,1,571
2014,David Phelps,5,6,4.51,15,26,101.7,101,51,14,92,38,1.37,8.14,3.36,4.3,0.6,6316
2014,Jeremy Hellickson,10,10,4.12,29,29,164,157,75,22,126,53,1.28,6.91,2.91,4.3,1.2,4371
2014,Mark Buehrle,10,9,4.32,27,27,168.7,181,81,23,110,39,1.3,5.87,2.08,4.3,1.7,225
2014,Colt Hynes,3,4,4.84,6,52,83.7,97,45,9,51,25,1.46,5.48,2.69,4.3,-0.1,7560
2014,Stolmy Pimentel,6,7,4.17,24,27,142.3,144,66,14,87,49,1.36,5.5,3.1,4.31,0.4,6415
2014,Brandon Cumpton,8,10,4.34,25,26,139,146,67,12,76,49,1.4,4.92,3.17,4.31,0.3,11366
2014,Anthony Desclafani,6,9,4.46,24,27,123,134,61,14,78,35,1.37,5.71,2.56,4.31,0.5,sa455459
2014,Joel Hanrahan,2,2,4.29,0,39,35.7,32,17,5,37,17,1.37,9.33,4.29,4.31,0.1,2186
2014,Phil Irwin,4,6,4.54,15,15,79.3,88,40,9,46,20,1.36,5.22,2.27,4.31,0.5,9489
2014,Justin Hampson,3,4,4.35,0,55,60,61,29,5,41,27,1.47,6.15,4.05,4.31,-0.5,2209
2014,Sam Dyson,6,8,4.53,16,33,103.3,114,52,6,47,42,1.51,4.09,3.66,4.32,-0.1,11710
2014,Tanner Roark,10,10,4.2,19,34,133,137,62,14,83,43,1.35,5.62,2.91,4.32,0,8753
2014,Joe Paterson,2,2,4.21,0,55,47,47,22,5,37,18,1.38,7.09,3.45,4.32,-0.2,2565
2014,Kyle Hendricks,6,8,4.46,24,25,139.3,155,69,19,81,23,1.28,5.23,1.49,4.33,0.9,sa577809
2014,Josh Edgin,2,3,4.42,0,58,57,55,28,6,49,27,1.44,7.74,4.26,4.33,-0.5,10796
2014,Trey Haley,2,3,4.32,0,36,43.7,40,21,3,41,31,1.62,8.44,6.38,4.33,-0.1,sa456039
2014,Vance Worley,6,9,4.89,22,23,127,146,69,15,88,42,1.48,6.24,2.98,4.33,1.1,6435
2014,Luis Cruz,7,10,4.87,21,30,129.3,136,70,15,106,53,1.46,7.38,3.69,4.33,0.7,sa454687
2014,Archie Bradley,10,10,4.29,24,24,130,130,62,12,95,58,1.45,6.58,4.02,4.33,0.9,sa597753
2014,Bronson Arroyo,10,10,4.25,26,26,165,176,78,23,96,30,1.25,5.24,1.64,4.33,1.2,978
2014,Kelvin De La Cruz,2,2,4.22,0,53,68.3,64,32,7,63,37,1.48,8.3,4.88,4.34,0,sa328950
2014,Shawn Camp,2,2,4.67,0,51,52,56,27,7,36,15,1.37,6.23,2.6,4.34,-0.1,1855
2014,Ryan Dempster,9,7,4.47,25,27,149,150,74,21,132,57,1.39,7.97,3.44,4.34,1.6,517
2014,A.J. Cole,7,8,4.4,26,26,135,138,66,20,106,34,1.27,7.07,2.27,4.34,0.6,sa548284
2014,Jake Diekman,2,2,4.21,0,65,62,56,29,5,63,44,1.61,9.15,6.39,4.34,-0.4,5003
2014,Michael Pineda,4,4,4.65,16,16,81.3,80,42,12,75,30,1.35,8.3,3.32,4.34,0.8,5372
2014,Joe Savery,3,3,4.3,0,38,44,42,21,5,34,18,1.36,6.95,3.68,4.34,-0.2,2835
2014,Andrew Heaney,8,10,4.26,24,24,133,134,63,14,96,52,1.4,6.5,3.52,4.35,0.7,sa502204
2014,Ramon Ramirez,2,3,4.44,0,47,50.7,49,25,5,43,27,1.5,7.63,4.79,4.35,-0.1,7986
2014,Joe Blanton,5,8,4.96,18,23,118,133,65,20,95,25,1.34,7.25,1.91,4.35,0.4,4849
2014,Jesse Hahn,2,3,4.42,26,26,114,118,56,11,69,44,1.42,5.45,3.47,4.35,0.2,sa526877
2014,Erasmo Ramirez,5,8,4.46,22,26,127,130,63,16,96,43,1.36,6.8,3.05,4.35,0.8,10314
2014,Ervin Santana,10,10,4.26,29,29,185.7,184,88,27,147,55,1.29,7.12,2.67,4.36,1.7,3200
2014,Ben Rowen,4,3,4.4,0,46,57.3,61,28,6,36,19,1.4,5.65,2.98,4.36,0.1,sa526946
2014,Seth Rosin,4,5,4.36,15,32,97,98,47,12,70,32,1.34,6.49,2.97,4.36,-0.3,sa392215
2014,Henry Rodriguez,2,2,4.29,0,42,42,37,20,3,40,30,1.6,8.57,6.43,4.36,-0.3,6371
2014,Robbie Erlin,5,7,4.4,23,24,116.7,119,57,14,85,42,1.38,6.56,3.24,4.36,0.2,10354
2014,Bryan Morris,4,5,4.22,0,57,74.7,75,35,8,48,26,1.35,5.78,3.13,4.36,-0.6,10234
2014,Wily Peralta,11,11,4.4,30,30,163.7,164,80,17,129,76,1.47,7.09,4.18,4.36,0.8,7738
2014,Tim Byrdak,2,2,4.23,0,35,21.3,19,10,2,20,13,1.5,8.45,5.49,4.36,-0.1,1995
2014,Cory Mazzoni,5,7,4.44,19,20,105.3,109,52,13,72,33,1.35,6.15,2.82,4.37,0.2,sa455498
2014,Arturo Lopez,4,6,4.28,12,31,75.7,75,36,8,59,34,1.44,7.01,4.04,4.37,-0.4,3319
2014,Felipe Paulino,3,3,4.4,11,16,61.3,58,30,9,63,27,1.39,9.25,3.96,4.37,0.4,3777
2014,Brandon Workman,9,8,4.5,21,31,124,128,62,17,102,43,1.38,7.4,3.12,4.37,0.9,11428
2014,Mike Pelfrey,5,8,5,21,22,118.7,137,66,14,77,39,1.48,5.84,2.96,4.37,1.1,5203
2014,Raul Valdes,3,5,4.79,8,33,73.3,78,39,11,62,22,1.36,7.61,2.7,4.37,0.2,1953
2014,Yimi Garcia,5,6,4.24,0,52,57.3,52,27,9,61,23,1.31,9.58,3.61,4.37,-0.5,sa506959
2014,Alex Burnett,3,3,4.05,0,47,46.7,47,21,4,28,18,1.39,5.4,3.47,4.38,-0.1,4065
2014,Rob Wooten,3,3,4.5,0,60,70,73,35,8,49,25,1.4,6.3,3.21,4.38,-0.3,8532
2014,Alexi Ogando,6,5,4.16,17,36,108.3,104,50,15,85,35,1.28,7.06,2.91,4.39,0.7,10261
2014,Josh Fields,2,3,4.5,0,45,50,48,25,7,51,24,1.44,9.18,4.32,4.39,0,5070
2014,Bruce Chen,7,8,4.43,19,26,120,124,59,16,85,37,1.34,6.38,2.78,4.39,1.1,769
2014,Sam Freeman,4,4,4.33,0,63,70.7,71,34,6,50,35,1.5,6.36,4.46,4.39,-0.6,6832
2014,David Bromberg,6,6,4.24,15,26,104,101,49,11,81,47,1.42,7.01,4.07,4.39,-0.1,sa326256
2014,Jose Dominguez,2,2,4.17,0,39,45.3,41,21,4,42,29,1.55,8.34,5.76,4.39,-0.3,11571
2014,Nick Masset,2,2,4.72,0,28,26.7,29,14,3,21,12,1.54,7.08,4.04,4.4,0,7267
2014,Blake Wood,2,2,4.42,0,38,40.7,40,20,4,36,23,1.55,7.96,5.09,4.4,-0.2,1345
2014,Lisalverto Bonilla,5,4,4.5,0,42,62,58,31,8,64,32,1.45,9.29,4.65,4.4,0.1,sa507277
2014,Mark Lowe,2,2,4.33,0,43,45.7,43,22,6,41,21,1.4,8.07,4.14,4.4,-0.3,7416
2014,Kyle Waldrop,2,2,4.15,1,32,47.7,51,22,4,22,16,1.4,4.15,3.02,4.41,-0.4,7513
2014,Josh Roenicke,2,2,4.13,0,59,69.7,67,32,7,49,32,1.42,6.33,4.13,4.41,-0.3,3241
2014,Zach Phillips,3,3,4.2,0,53,60,59,28,5,47,33,1.53,7.05,4.95,4.41,-0.4,99
2014,J.A. Happ,8,9,4.68,23,24,125,124,65,17,112,56,1.44,8.06,4.03,4.42,1.4,7410
2014,Sean Henn,3,3,4.24,0,38,46.7,45,22,3,34,28,1.56,6.55,5.4,4.42,-0.3,2147
2014,Jarred Cosart,6,7,4.3,25,26,132,132,63,11,95,69,1.52,6.48,4.7,4.42,0.8,10304
2014,Dustin McGowan,1,1,4.29,0,35,35.7,33,17,4,36,20,1.48,9.08,5.04,4.42,-0.1,8600
2014,Jesus Sanchez,3,4,4.34,0,51,66.3,69,32,6,40,27,1.45,5.43,3.67,4.42,-0.4,1476
2014,Dallas Keuchel,7,11,5.02,26,30,156,177,87,19,103,52,1.47,5.94,3,4.43,0.8,9434
2014,Mike Kickham,7,10,4.6,23,27,125.3,127,64,13,94,57,1.47,6.75,4.09,4.43,-0.3,11618
2014,Chris Martin,4,3,4.7,0,38,59.3,67,31,7,39,19,1.45,5.92,2.88,4.43,0.1,sa596330
2014,Jonathan Albaladejo,4,5,4.34,0,53,64.3,65,31,7,49,28,1.45,6.86,3.92,4.43,-0.4,3521
2014,Rafael Perez,2,2,4.65,0,33,31,33,16,4,21,10,1.39,6.1,2.9,4.43,0,4078
2014,Victor Marte,3,3,4.33,0,51,54,55,26,5,40,26,1.5,6.67,4.33,4.44,-0.5,5158
2014,Jeremy Berg,2,3,4.54,0,52,73.3,77,37,9,51,25,1.39,6.26,3.07,4.44,-0.3,sa510226
2014,Logan Ondrusek,3,3,4.13,0,63,61,58,28,8,50,25,1.36,7.38,3.69,4.44,-0.4,3677
2014,Cesar Ramos,3,3,4.41,2,48,65.3,64,32,8,50,26,1.38,6.89,3.58,4.44,-0.4,3357
2014,Bill Bray,1,1,4.2,0,28,19.3,18,9,2,16,10,1.45,7.46,4.66,4.45,-0.1,8538
2014,Oliver Drake,2,2,4.43,0,32,42.7,42,21,5,34,18,1.41,7.17,3.79,4.45,0,sa462416
2014,Casey Sadler,6,9,4.41,22,28,130.7,139,64,13,64,41,1.38,4.41,2.82,4.46,-0.1,sa549692
2014,Miguel Alfredo Gonzalez,7,10,4.71,23,23,145.3,154,76,19,91,42,1.35,5.64,2.6,4.47,0.5,15675
2014,Ryne Harper,3,4,4.31,0,38,54.3,54,26,7,46,22,1.4,7.62,3.65,4.47,-0.4,sa599485
2014,Jordan Lyles,10,10,5.18,30,31,165,193,95,20,103,50,1.47,5.62,2.73,4.47,1.5,7593
2014,Kyle Simon,5,6,4.57,5,41,78.7,86,40,8,44,27,1.44,5.03,3.09,4.47,-0.4,sa577011
2014,Jeremy Jeffress,2,3,4.44,0,45,52.7,51,26,5,46,31,1.56,7.86,5.29,4.47,-0.1,9490
2014,Nick Tepesch,7,7,4.75,23,25,125,137,66,17,86,35,1.38,6.19,2.52,4.47,1.1,11716
2014,Greg Burke,3,3,5.09,0,56,63.7,72,36,7,45,27,1.55,6.36,3.81,4.48,0.1,6282
2014,Kendry Flores,5,7,4.41,17,18,100,106,49,15,65,19,1.25,5.85,1.71,4.48,-0.1,sa507004
2014,Drew Pomeranz,7,8,4.39,25,26,123,117,60,14,105,62,1.46,7.68,4.54,4.48,0.5,11426
2014,Drew Hutchison,4,4,4.55,13,14,59.3,60,30,8,50,24,1.42,7.59,3.64,4.48,0.5,10732
2014,Jeff Beliveau,4,4,4.21,0,51,57.7,53,27,7,58,32,1.47,9.05,4.99,4.49,-0.4,8504
2014,James Paxton,6,9,4.43,24,25,120,116,59,14,102,57,1.44,7.65,4.28,4.49,0.7,11828
2014,Jeff Francis,7,8,4.6,23,29,133,141,68,20,94,34,1.32,6.36,2.3,4.49,0.2,4684
2014,Aaron Northcraft,8,9,4.41,25,25,130.7,133,64,12,93,64,1.51,6.4,4.41,4.49,0.3,sa501597
2014,Keith Butler,2,2,4.34,0,52,56,53,27,6,48,29,1.46,7.71,4.66,4.49,-0.4,10080
2014,Blake Johnson,4,6,4.34,10,33,85,87,41,9,54,33,1.41,5.72,3.49,4.49,-0.6,sa253230
2014,Brian Sanches,4,5,4.79,6,31,67.7,76,36,7,37,23,1.46,4.92,3.06,4.5,0,2739
2014,Donn Roach,7,11,4.59,23,24,119.7,129,61,9,57,49,1.49,4.29,3.68,4.5,0,sa548276
2014,Logan Verrett,6,8,4.65,22,22,125.7,132,65,21,96,27,1.26,6.87,1.93,4.5,0.1,sa526931
2014,Mike Crotta,4,5,4.5,0,44,46,48,23,4,27,20,1.48,5.28,3.91,4.5,-0.4,9337
2014,Kirby Yates,3,3,4.27,0,51,59,52,28,6,59,38,1.53,9,5.8,4.51,-0.4,sa505235
2014,John Gast,6,7,4.74,19,19,100.7,108,53,10,62,41,1.48,5.54,3.66,4.51,0,11133
2014,Boone Whiting,5,5,4.56,21,22,102.7,107,52,12,72,39,1.42,6.31,3.42,4.51,0.1,sa549392
2014,Carlos Carrasco,5,7,5.07,21,26,115.3,127,65,15,85,43,1.47,6.63,3.36,4.51,0.2,6632
2014,Yoervis Medina,5,6,4.2,0,60,70.7,62,33,8,72,44,1.5,9.17,5.6,4.52,-0.2,10498
2014,Anthony Ranaudo,7,6,4.59,20,21,104,107,53,12,78,45,1.46,6.75,3.89,4.52,0.9,sa390649
2014,Sam Runion,3,3,4.48,0,39,60.3,63,30,6,35,23,1.43,5.22,3.43,4.52,-0.4,sa390308
2014,Corey Black,5,6,4.46,21,21,88.7,85,44,8,72,51,1.53,7.31,5.17,4.52,0.4,sa658004
2014,Joe Saunders,8,14,4.77,27,27,160.3,178,85,21,99,51,1.43,5.56,2.86,4.53,0.9,4366
2014,Mickey Storey,3,3,4.74,0,49,70.3,72,37,11,63,25,1.38,8.07,3.2,4.53,-0.2,4721
2014,Joely Rodriguez,5,8,4.56,21,21,104.7,114,53,10,52,36,1.43,4.47,3.09,4.53,0.1,sa507216
2014,Esmil Rogers,5,6,4.82,13,44,112,120,60,16,90,40,1.43,7.23,3.21,4.53,0,6317
2014,Matt Capps,2,2,4.79,0,28,26.3,29,14,4,17,6,1.33,5.82,2.05,4.53,-0.1,4788
2014,Ryan Brasier,3,4,4.5,0,51,62,63,31,7,46,27,1.45,6.68,3.92,4.53,-0.3,5615
2014,Caleb Clay,5,6,4.51,13,29,101.7,109,51,13,60,28,1.35,5.31,2.48,4.53,-0.3,sa326518
2014,Jacob Turner,8,9,4.35,28,28,157.3,160,76,16,98,67,1.44,5.61,3.83,4.54,0.3,10185
2014,Eddie Butler,7,6,4.77,24,24,113.3,123,60,12,76,47,1.5,6.04,3.73,4.54,1.1,sa503059
2014,Allen Webster,8,7,4.55,27,30,128.7,132,65,13,95,61,1.5,6.64,4.27,4.54,1.2,3993
2014,Barret Browning,2,3,4.64,0,35,40.7,42,21,4,27,19,1.5,5.97,4.2,4.55,-0.4,9356
2014,Josh Wall,3,4,4.74,0,56,60.7,63,32,7,45,26,1.47,6.67,3.86,4.55,-0.4,4436
2014,Chad Cordero,2,3,4.83,0,55,54,60,29,7,32,15,1.39,5.33,2.5,4.55,-0.3,1816
2014,Lester Oliveros,1,2,4.86,0,27,33.3,34,18,4,28,16,1.5,7.57,4.32,4.55,-0.1,9167
2014,Mike Fiers,6,7,4.72,17,25,101,102,53,16,88,36,1.37,7.84,3.21,4.55,0.2,7754
2014,Alfredo Figaro,4,4,4.66,12,26,87,93,45,14,60,20,1.3,6.21,2.07,4.55,-0.3,8404
2014,Jose Urena,7,10,4.61,25,27,138.7,152,71,17,81,41,1.39,5.26,2.66,4.55,0.3,sa506871
2014,Cesar Jimenez,3,4,4.57,1,45,67,68,34,6,50,36,1.55,6.72,4.84,4.56,-0.3,3762
2014,Martin Perez,11,10,4.53,27,30,157,169,79,20,106,56,1.43,6.08,3.21,4.56,1.3,6902
2014,Erik Goeddel,5,8,4.66,22,23,112,115,58,13,85,51,1.48,6.83,4.1,4.57,-0.1,sa526814
2014,Edgmer Escalona,3,3,4.55,0,47,57.3,57,29,9,48,20,1.34,7.54,3.14,4.57,-0.1,8574
2014,Barry Zito,5,9,4.77,21,24,117,127,62,14,74,45,1.47,5.69,3.46,4.57,-0.3,944
2014,Bryan Price,2,3,4.98,1,41,65,69,36,9,51,24,1.43,7.06,3.32,4.57,-0.4,sa454415
2014,Jason Stoffel,3,4,4.88,0,55,59,62,32,6,45,30,1.56,6.86,4.58,4.57,-0.3,sa501226
2014,Sammy Solis,3,4,4.54,16,17,77.3,82,39,9,49,28,1.42,5.71,3.26,4.57,0.1,sa392088
2014,Erik Johnson,8,9,4.58,25,25,129.7,130,66,17,109,57,1.44,7.56,3.96,4.57,0.9,12520
2014,Duke Welker,3,4,4.48,0,47,56.3,55,28,4,40,34,1.58,6.39,5.44,4.58,-0.6,792
2014,Wade LeBlanc,6,8,4.71,20,34,130,141,68,18,88,41,1.4,6.09,2.84,4.58,0.3,5221
2014,Adam Warren,3,3,4.63,2,43,77.7,81,40,11,63,32,1.45,7.3,3.71,4.58,-0.1,9029
2014,Yoshinori Tateyama,2,2,4.92,0,39,56.7,61,31,9,45,17,1.38,7.14,2.7,4.58,-0.1,11651
2014,Tyler Robertson,4,5,4.55,0,59,59.3,60,30,6,43,29,1.5,6.53,4.4,4.58,-0.6,3223
2014,Daniel Schlereth,1,1,4.37,0,24,24.7,23,12,2,21,16,1.58,7.65,5.83,4.59,-0.3,8739
2014,Mike McClendon,6,6,4.85,0,44,65,73,35,5,38,32,1.62,5.26,4.43,4.59,0,9587
2014,Jeurys Familia,2,3,4.48,11,21,60.3,60,30,7,50,31,1.51,7.46,4.63,4.59,-0.4,5114
2014,Joe Ortiz,3,3,4.72,0,53,66.7,72,35,10,45,18,1.35,6.07,2.43,4.59,0,7955
2014,Matt Shoemaker,8,12,4.89,27,27,165.7,192,90,24,100,38,1.39,5.43,2.06,4.59,0.4,4776
2014,Kyle Hunter,2,4,4.64,2,37,66,71,34,8,43,23,1.42,5.86,3.14,4.59,-0.2,sa550211
2014,Pat Egan,4,4,4.45,0,45,64.7,68,32,7,36,23,1.41,5.01,3.2,4.59,-0.5,sa386802
2014,Jose Cisnero,2,4,5.01,0,41,64.7,66,36,9,64,35,1.56,8.9,4.87,4.59,-0.3,6399
2014,David Huff,6,10,4.67,21,31,133,142,69,16,79,45,1.41,5.35,3.05,4.6,-0.4,4257
2014,Chris Jakubauskas,1,2,5.03,5,24,48.3,54,27,5,31,21,1.55,5.78,3.91,4.6,-0.2,7831
2014,George Sherrill,1,1,4.85,0,20,16.7,17,9,2,15,9,1.56,8.08,4.85,4.6,-0.1,6291
2014,Matt Maloney,2,3,5.08,6,18,44.3,52,25,6,24,10,1.4,4.88,2.03,4.61,0.1,9920
2014,Jeremy Guthrie,9,11,4.55,26,28,166,184,84,22,96,48,1.4,5.2,2.6,4.61,1,2072
2014,Wilmer Font,3,2,4.38,0,56,49.3,44,24,6,53,31,1.52,9.68,5.66,4.61,0.1,5257
2014,Fernando Nieve,4,5,4.69,9,22,65.3,68,34,8,46,26,1.44,6.34,3.58,4.61,-0.1,2173
2014,Freddy Garcia,8,8,4.51,19,24,117.7,121,59,17,80,37,1.34,6.12,2.83,4.61,-0.1,1077
2014,Aaron Harang,6,10,4.92,24,24,135.3,145,74,20,102,48,1.43,6.78,3.19,4.61,0.5,1451
2014,Brad Brach,4,4,4.62,0,71,74,73,38,12,71,31,1.41,8.64,3.77,4.62,-0.2,6627
2014,Brayan Villarreal,4,3,4.47,0,50,52.3,46,26,5,56,41,1.66,9.64,7.06,4.62,-0.2,5180
2014,Alex Wilson,4,4,4.84,7,37,70.7,76,38,7,50,36,1.58,6.36,4.58,4.62,-0.1,9239
2014,Travis Blackley,4,3,4.68,9,39,75,76,39,11,56,27,1.37,6.72,3.24,4.62,0.2,3234
2014,Zach Putnam,3,3,4.75,0,40,49.3,51,26,6,39,23,1.5,7.12,4.2,4.63,-0.2,9080
2014,Luis Mendoza,5,7,4.79,17,25,114.7,125,61,12,68,48,1.51,5.34,3.77,4.63,0.3,3126
2014,Juan Sosa,4,6,4.61,3,44,80,81,41,8,59,42,1.54,6.64,4.73,4.64,-0.6,sa503978
2014,Jake Arrieta,8,11,4.64,26,28,139.7,135,72,17,115,69,1.46,7.41,4.45,4.64,0.3,4153
2014,Nick Tropeano,7,11,5.09,22,27,129,142,73,16,102,58,1.55,7.12,4.05,4.64,0.4,sa577919
2014,Brandon Maurer,6,10,4.98,23,28,130,141,72,15,96,59,1.54,6.65,4.08,4.64,0.4,4878
2014,Ross Wolf,3,3,4.78,4,41,69.7,77,37,8,40,26,1.48,5.16,3.36,4.64,0,4534
2014,Cody Martin,7,8,4.4,21,26,116.7,114,57,13,95,61,1.5,7.33,4.7,4.64,-0.2,sa549474
2014,Nick Maronde,3,4,4.67,7,45,71.3,72,37,9,57,33,1.47,7.19,4.17,4.65,-0.5,12530
2014,Lucas Harrell,8,12,4.97,23,30,145,155,80,17,101,66,1.52,6.27,4.1,4.65,0.4,7541
2014,Sean O'Sullivan,7,10,4.83,21,27,132.3,149,71,14,72,50,1.5,4.9,3.4,4.65,0,9137
2014,Raul Alcantara,8,10,4.77,24,28,134,149,71,17,73,39,1.4,4.9,2.62,4.66,0.3,sa548100
2014,Peter Moylan,2,3,4.84,0,34,35.3,38,19,4,26,17,1.56,6.63,4.33,4.66,-0.2,4891
2014,Dylan Bundy,5,6,4.62,13,13,78,81,40,10,59,33,1.46,6.81,3.81,4.66,0.5,12917
2014,Brett Myers,4,6,4.93,10,31,76.7,83,42,13,57,21,1.36,6.69,2.46,4.66,-0.1,962
2014,Chris Hatcher,2,3,4.66,0,57,63.7,65,33,7,48,32,1.52,6.78,4.52,4.66,-0.7,3299
2014,Jake Petricka,3,4,4.5,0,48,68,68,34,6,56,43,1.63,7.41,5.69,4.67,-0.3,10534
2014,Colby Lewis,5,4,4.85,14,14,78,80,42,14,65,22,1.31,7.5,2.54,4.68,0.6,1259
2014,Andrew Chafin,8,9,4.67,24,27,133,138,69,13,90,67,1.54,6.09,4.53,4.68,0.3,sa597763
2014,Kyle Zimmer,7,9,4.81,23,23,104.7,103,56,16,98,47,1.43,8.42,4.04,4.68,0.6,sa621583
2014,Stephen Fife,7,10,4.57,22,25,124,131,63,13,76,53,1.48,5.52,3.85,4.68,-0.5,8077
2014,Jerome Williams,6,9,5.07,19,30,136.7,152,77,21,95,42,1.42,6.25,2.77,4.69,0.1,1137
2014,Mason Tobin,1,1,4.68,0,22,25,26,13,2,15,13,1.56,5.4,4.68,4.69,-0.3,2534
2014,Derek Lowe,3,3,5.36,6,15,48.7,57,29,5,21,17,1.52,3.88,3.14,4.69,0.2,199
2014,Kyle Lobstein,8,10,5.23,27,27,139.3,158,81,16,99,64,1.59,6.4,4.13,4.69,0.9,sa454421
2014,Chad Durbin,1,2,4.93,0,39,38.3,40,21,6,33,16,1.46,7.75,3.76,4.69,-0.4,1442
2014,Taylor Hill,8,10,4.76,25,27,145.7,165,77,19,65,32,1.35,4.02,1.98,4.7,0,sa526879
2014,Tommy Hottovy,1,1,4.76,0,42,47.3,48,25,6,36,21,1.46,6.85,4,4.7,-0.4,7542
2014,T.J. McFarland,6,8,5,14,31,109.7,122,61,13,69,45,1.52,5.66,3.69,4.7,0.1,3237
2014,Chris Resop,3,3,4.96,0,55,61.7,67,34,9,48,24,1.47,7,3.5,4.7,-0.2,3799
2014,Justin Miller,3,3,4.72,0,40,47.7,49,25,6,40,24,1.53,7.55,4.53,4.7,-0.2,sa454549
2014,John Stilson,4,4,4.66,0,38,48.3,49,25,7,40,20,1.43,7.45,3.73,4.7,-0.2,sa502049
2014,Chris Rusin,8,11,4.68,28,29,155.7,170,81,19,83,50,1.41,4.8,2.89,4.7,0.3,9895
2014,Marco Duarte,5,5,4.87,14,22,88.7,92,48,12,75,42,1.51,7.61,4.26,4.71,0.3,sa393279
2014,Daniel Webb,2,2,4.74,0,47,62.7,61,33,6,53,39,1.59,7.61,5.6,4.71,-0.3,10558
2014,Eric Fornataro,3,3,4.69,0,51,63.3,68,33,6,36,29,1.53,5.12,4.12,4.71,-0.7,sa454728
2014,Carlos Perez,2,3,4.4,0,28,47,44,23,5,43,29,1.55,8.23,5.55,4.71,-0.5,sa503632
2014,Collin McHugh,6,10,5.25,24,27,132,149,77,18,94,50,1.51,6.41,3.41,4.71,0.3,7531
2014,Clayton Richard,5,9,4.71,19,20,112.7,123,59,16,58,29,1.35,4.63,2.32,4.72,-0.4,3551
2014,Shane Loux,3,5,4.65,9,20,67.7,75,35,7,28,22,1.43,3.72,2.92,4.72,-0.6,1613
2014,Luis Garcia,3,3,4.55,0,58,69.3,68,35,8,54,36,1.5,7.01,4.68,4.72,-0.8,6984
2014,Francisley Bueno,3,4,4.83,0,43,63.3,68,34,7,39,27,1.5,5.55,3.84,4.72,-0.3,5980
2014,Donnie Veal,4,5,4.64,0,63,54.3,51,28,6,52,36,1.6,8.62,5.97,4.72,-0.2,4741
2014,Andrew Albers,6,9,5.23,21,28,124,145,72,18,73,33,1.44,5.3,2.4,4.73,0.4,7853
2014,Blaine Hardy,4,5,4.88,4,36,72,76,39,10,60,32,1.5,7.5,4,4.73,-0.2,sa455038
2014,Chad Bettis,6,7,5.19,22,27,121.3,137,70,18,90,43,1.48,6.68,3.19,4.73,0.7,10587
2014,Josh Lindblom,5,6,4.51,11,48,95.7,96,48,13,70,39,1.41,6.58,3.67,4.73,-0.3,7882
2014,Merrill Kelly,7,10,4.85,20,28,117,123,63,12,80,58,1.55,6.15,4.46,4.73,-0.1,sa552177
2014,Danny Rosenbaum,7,9,4.6,25,26,144.7,156,74,14,77,63,1.51,4.79,3.92,4.73,0,sa502078
2014,Patrick Urckfitz,3,4,5.06,0,49,64,71,36,6,39,32,1.61,5.48,4.5,4.74,-0.4,sa457153
2014,Matt Magill,5,8,4.6,23,24,117.3,109,60,13,107,74,1.56,8.21,5.68,4.74,-0.4,3950
2014,Barret Loux,5,7,4.76,21,22,98.3,102,52,10,66,49,1.54,6.04,4.49,4.74,0.2,sa392162
2014,Eury De la Rosa,4,5,4.69,0,61,63.3,63,33,9,53,29,1.45,7.54,4.12,4.74,-0.4,4055
2014,Cody Anderson,5,7,5.07,25,25,110,121,62,15,75,40,1.46,6.14,3.27,4.74,0.2,sa549278
2014,Guillermo Moscoso,7,11,4.5,20,31,130,126,65,17,98,58,1.42,6.78,4.02,4.74,-1,5106
2014,Scott Diamond,9,14,5.17,29,29,167,199,96,23,83,45,1.46,4.47,2.43,4.74,0.6,5089
2014,David Pauley,2,3,5.01,2,23,41.3,46,23,5,23,14,1.45,5.01,3.05,4.74,-0.3,3625
2014,Tom Koehler,7,11,4.61,26,30,146.3,150,75,17,102,70,1.5,6.27,4.31,4.74,-0.2,6570
2014,Kevin Thomas,4,5,4.66,0,49,63.7,65,33,8,49,30,1.49,6.92,4.24,4.74,-0.8,sa455028
2014,Daniel Stange,3,4,4.84,0,48,57.7,59,31,7,43,27,1.49,6.71,4.21,4.75,-0.7,9404
2014,Drew Verhagen,5,6,5.03,18,20,87.7,100,49,8,45,40,1.6,4.62,4.1,4.75,0.4,sa578024
2014,Kevin Correia,8,12,5.07,25,26,145.7,170,82,22,82,40,1.44,5.07,2.47,4.75,0.4,1767
2014,Philip Humber,6,8,4.98,17,31,115.7,123,64,17,78,40,1.41,6.07,3.11,4.75,-0.4,8586
2014,Juan Oramas,2,4,4.82,13,13,56,56,30,7,47,29,1.52,7.55,4.66,4.76,-0.2,sa508100
2014,Anthony Bass,4,7,5.24,16,35,110,124,64,16,77,41,1.5,6.3,3.35,4.77,-0.3,7982
2014,Jess Todd,3,3,4.7,0,44,59.3,61,31,7,44,29,1.52,6.68,4.4,4.77,-0.5,3805
2014,Chris Carpenter,1,1,4.84,2,2,9.3,10,5,1,6,4,1.51,5.81,3.87,4.77,0,1292
2014,Jake Odorizzi,7,10,4.57,25,27,136,135,69,17,100,62,1.45,6.62,4.1,4.77,0.2,6397
2014,Eric Surkamp,6,7,4.86,22,22,111,116,60,15,86,48,1.48,6.97,3.89,4.77,0.9,2540
2014,Kyle Davies,4,6,5.22,14,17,70.7,79,41,11,54,25,1.47,6.87,3.18,4.77,0,3642
2014,Roberto Hernandez,6,9,5.02,19,22,114.7,126,64,18,78,31,1.37,6.12,2.43,4.77,-0.2,3273
2014,John Lannan,7,10,4.87,23,23,125.7,138,68,13,69,54,1.53,4.94,3.87,4.77,-0.4,7080
2014,T.J. House,7,11,5.14,27,27,145.3,162,83,17,96,65,1.56,5.95,4.03,4.78,0.3,sa455330
2014,Jeffry Antigua,4,5,4.65,3,35,79.3,83,41,11,57,31,1.44,6.47,3.52,4.78,-0.6,sa456113
2014,Randy Henry,2,2,4.71,0,39,49.7,54,26,6,29,18,1.45,5.25,3.26,4.78,-0.1,sa501222
2014,Liam Hendriks,6,11,5.41,26,27,149.7,179,90,22,88,42,1.48,5.29,2.53,4.78,0.8,3548
2014,Clay Hensley,3,4,4.91,2,34,40.3,41,22,5,29,19,1.49,6.48,4.24,4.78,-0.4,4593
2014,Robert Stephenson,6,7,4.56,22,22,100.7,97,51,16,90,42,1.38,8.04,3.75,4.79,0,sa597792
2014,Trevor May,7,12,5.13,26,26,140.3,146,80,21,127,68,1.53,8.15,4.36,4.79,0.5,sa454536
2014,Tsuyoshi Wada,5,7,4.75,17,17,94.7,98,50,13,71,41,1.47,6.75,3.9,4.79,0.2,sa637062
2014,Edgar Gonzalez,4,5,4.64,14,21,85.3,90,44,13,52,24,1.34,5.49,2.53,4.79,-0.1,1727
2014,Taylor Thompson,3,4,4.81,0,42,54.3,56,29,6,41,29,1.57,6.8,4.81,4.8,-0.2,sa454886
2014,Rob Scahill,4,4,4.95,0,59,80,87,44,11,60,33,1.5,6.75,3.71,4.8,-0.3,9286
2014,Chase Anderson,4,5,4.98,14,20,77.7,84,43,11,53,28,1.44,6.14,3.24,4.8,-0.1,sa501567
2014,Juan Jaime,3,3,4.33,0,40,45.7,38,22,5,51,36,1.62,10.04,7.09,4.8,-0.5,sa456515
2014,Eduardo Rodriguez,7,8,4.94,23,23,120.3,132,66,15,76,49,1.5,5.69,3.67,4.8,0.6,sa548722
2014,Anthony Carter,2,3,4.87,0,48,61,62,33,7,46,32,1.54,6.79,4.72,4.8,-0.9,sa302341
2014,James McDonald,6,8,4.72,22,23,114.3,111,60,16,98,58,1.48,7.72,4.57,4.81,0,5523
2014,Deolis Guerra,1,2,4.97,0,17,29,31,16,4,23,13,1.52,7.14,4.03,4.81,-0.2,sa325009
2014,Franklin Morales,3,3,4.83,5,38,54,55,29,8,48,25,1.48,8,4.17,4.81,0,5088
2014,Evan Reed,3,3,5.17,0,43,55.7,61,32,6,41,30,1.63,6.62,4.85,4.81,-0.4,1349
2014,Zach Britton,8,9,4.93,25,26,133.3,145,73,17,93,61,1.55,6.28,4.12,4.82,0.5,3240
2014,Mark Lamm,4,5,4.72,0,45,55.3,56,29,5,39,33,1.61,6.35,5.37,4.82,-0.7,sa545076
2014,Luke Jackson,8,8,4.77,25,26,120.7,121,64,14,107,74,1.62,7.98,5.52,4.82,0.8,sa548163
2014,Tim Dillard,3,3,5,0,43,54,58,30,6,36,27,1.57,6,4.5,4.83,-0.6,5518
2014,Cory Wade,3,4,5.12,2,49,65,73,37,9,41,24,1.49,5.68,3.32,4.83,-0.3,7570
2014,Dan Runzler,3,5,4.64,3,46,54.3,52,28,5,44,37,1.64,7.29,6.13,4.83,-0.8,4080
2014,Alberto Cabrera,5,8,4.94,14,42,113,118,62,16,87,49,1.48,6.93,3.9,4.84,-0.5,8352
2014,Mitch Lively,4,7,4.72,9,39,87.7,89,46,9,58,46,1.54,5.95,4.72,4.84,-1.1,sa390254
2014,Jason Vargas,10,12,4.71,30,30,191,198,100,33,123,50,1.3,5.8,2.36,4.84,1,8044
2014,Jon Rauch,3,4,5.21,0,41,36.3,40,21,6,26,12,1.43,6.45,2.98,4.84,-0.1,1475
2014,Brian Omogrosso,1,2,5.06,0,34,48,52,27,7,40,23,1.56,7.5,4.31,4.84,-0.3,1353
2014,Phillippe Aumont,3,4,4.8,0,55,56.3,52,30,4,55,48,1.78,8.79,7.67,4.84,-0.7,5362
2014,Adam Liberatore,4,5,4.81,0,44,67.3,70,36,6,43,38,1.6,5.75,5.08,4.85,-0.7,sa549498
2014,Cesar Cabral,2,2,5.2,0,34,43.3,45,25,5,37,26,1.64,7.69,5.4,4.85,-0.3,6741
2014,Adam Morgan,5,8,5.09,22,22,106,115,60,15,74,41,1.47,6.28,3.48,4.85,-0.1,sa577008
2014,Marcus Hatley,3,4,4.68,0,48,57.7,55,30,6,50,38,1.61,7.8,5.93,4.85,-0.5,sa394066
2014,Steven Matz,4,5,4.62,17,17,76,75,39,9,62,42,1.54,7.34,4.97,4.85,-0.3,sa500832
2014,Collin Balester,2,3,4.59,2,28,51,52,26,7,37,21,1.43,6.53,3.71,4.85,-0.6,6883
2014,Jake Buchanan,6,11,5.48,22,29,136.3,166,83,18,69,41,1.52,4.56,2.71,4.85,0,sa526935
2014,Matt Palmer,5,9,5,19,22,109.7,116,61,12,72,55,1.56,5.91,4.51,4.85,0.2,4457
2014,Christian Friedrich,4,5,5.42,15,15,74.7,86,45,11,52,28,1.53,6.27,3.37,4.86,0.5,7942
2014,Sam Demel,2,3,4.67,0,45,52,51,27,7,45,27,1.5,7.79,4.67,4.86,-0.8,868
2014,Frank Herrmann,1,2,5.16,0,41,52.3,59,30,8,36,19,1.49,6.2,3.27,4.86,-0.5,7960
2014,Steve Geltz,3,4,4.66,0,43,56,53,29,8,52,30,1.48,8.36,4.82,4.87,-0.6,8402
2014,Jason Marquis,5,9,4.7,19,19,113,119,59,15,71,47,1.47,5.65,3.74,4.87,-0.6,105
2014,Arnold Leon,4,6,4.98,12,26,85,95,47,12,47,26,1.42,4.98,2.75,4.87,-0.4,sa421188
2014,C.J. Riefenhauser,3,4,4.66,0,54,65.7,66,34,9,51,30,1.46,6.99,4.11,4.87,-0.7,sa549460
2014,Charles Brewer,6,8,5,20,23,120.7,134,67,18,77,39,1.43,5.74,2.91,4.88,0.1,9155
2014,Neil Ramirez,6,8,4.95,25,25,103.7,102,57,13,90,60,1.56,7.81,5.21,4.88,0.1,sa389925
2014,Donovan Hand,4,4,4.87,4,48,85,93,46,12,51,28,1.42,5.4,2.96,4.88,-0.9,8728
2014,Randall Delgado,8,10,4.88,28,29,153,160,83,25,114,57,1.42,6.71,3.35,4.9,0.3,5985
2014,Kyle Gibson,4,7,5.27,20,21,97.3,111,57,13,65,40,1.55,6.01,3.7,4.9,0.2,10123
2014,Greg Reynolds,8,9,4.79,23,27,152.3,170,81,20,70,43,1.4,4.14,2.54,4.9,-0.2,5712
2014,Felipe Rivero,6,9,4.98,21,25,110.3,120,61,12,64,52,1.56,5.22,4.24,4.91,-0.4,sa505018
2014,Logan Bawcom,3,5,4.89,0,53,60.7,60,33,7,52,38,1.61,7.71,5.63,4.91,-0.5,sa549287
2014,Yohan Pino,5,8,5.24,16,32,111.7,127,65,18,73,33,1.43,5.88,2.66,4.91,-0.3,sa294918
2014,Wirfin Obispo,3,3,4.72,0,54,55.3,52,29,5,47,39,1.65,7.65,6.35,4.91,-0.7,sa530473
2014,Chris Narveson,4,6,5.05,14,15,73,79,41,11,50,29,1.48,6.16,3.58,4.91,-0.2,2141
2014,Brad Hand,6,8,4.63,22,25,112.7,110,58,14,91,64,1.54,7.27,5.11,4.91,-0.3,9111
2014,Samuel Deduno,6,8,4.83,21,21,110,112,59,12,79,60,1.56,6.46,4.91,4.91,0.1,5285
2014,Hisanori Takahashi,1,1,5.32,0,39,44,49,26,7,36,19,1.55,7.36,3.89,4.91,-0.2,10091
2014,Matt Fox,4,6,4.99,16,18,84.7,93,47,12,50,29,1.44,5.31,3.08,4.91,-0.5,7320
2014,John Danks,6,9,5.12,21,21,123,135,70,21,86,39,1.41,6.29,2.85,4.92,0.5,6329
2014,Ross Ohlendorf,5,7,4.89,18,24,106.7,115,58,15,68,41,1.46,5.74,3.46,4.92,-0.3,8268
2014,Kevin Shackelford,2,3,5.23,0,39,53.3,60,31,7,30,19,1.48,5.07,3.21,4.92,-0.6,sa549496
2014,Casey Coleman,4,6,5.01,12,35,97,103,54,13,67,44,1.52,6.22,4.08,4.92,-0.6,8270
2014,Lee Hyde,3,3,4.74,0,50,43.7,43,23,5,32,25,1.56,6.59,5.15,4.92,-0.5,sa326720
2014,Robert Carson,2,3,4.91,0,59,66,69,36,9,43,27,1.45,5.86,3.68,4.93,-0.6,2570
2014,Drake Britton,8,8,5.04,20,30,110.7,119,62,14,80,56,1.58,6.5,4.55,4.93,0.2,2868
2014,B.J. Rosenberg,4,6,4.99,10,44,88.3,93,49,11,65,45,1.56,6.63,4.59,4.93,-0.7,7183
2014,Ted Lilly,2,4,4.95,10,10,47.3,50,26,7,31,17,1.42,5.9,3.23,4.93,-0.2,833
2014,Tyler Thornburg,6,7,4.82,22,29,127,128,68,19,106,60,1.48,7.51,4.25,4.93,-0.4,10688
2014,Miles Mikolas,3,3,4.87,0,59,64.7,70,35,9,41,24,1.45,5.7,3.34,4.93,-0.4,9803
2014,Vidal Nuno,4,5,5.2,12,18,71,79,41,13,52,19,1.38,6.59,2.41,4.94,0.2,9674
2014,David Martinez,5,10,5.41,18,31,119.7,141,72,17,68,39,1.5,5.11,2.93,4.94,-0.1,8893
2014,Aaron Thompson,3,6,5.45,8,35,76,91,46,10,41,27,1.55,4.86,3.2,4.94,-0.4,999
2014,Roman Colon,2,2,5.51,0,22,34.3,40,21,4,19,15,1.6,4.99,3.94,4.94,-0.2,2242
2014,Brad Peacock,7,12,5.26,25,29,137,141,80,23,126,63,1.49,8.28,4.14,4.95,0.1,5401
2014,Jose Contreras,2,2,5.1,0,25,24.7,25,14,4,22,12,1.5,8.02,4.37,4.95,-0.1,1660
2014,Duane Below,5,6,5.28,14,24,88.7,103,52,11,47,35,1.56,4.77,3.55,4.95,-0.2,3124
2014,Chris Leroux,2,3,5.17,5,26,54,59,31,8,41,24,1.54,6.83,4,4.96,-0.3,7645
2014,Justin Thomas,3,5,5.09,10,35,74.3,81,42,9,46,34,1.55,5.57,4.12,4.96,-0.6,9910
2014,Jose De La Torre,3,4,4.9,0,39,53.3,51,29,6,48,36,1.63,8.11,6.08,4.96,-0.7,787
2014,Deryk Hooker,2,3,4.73,0,50,59,60,31,8,42,27,1.47,6.41,4.12,4.96,-0.6,sa389288
2014,Zach Duke,4,6,5.23,10,37,87.7,103,51,13,50,29,1.51,5.13,2.98,4.96,-0.8,3840
2014,Zeke Spruill,7,10,5.04,23,26,130.3,149,73,15,64,52,1.54,4.42,3.59,4.97,0.1,3873
2014,Josh Zeid,2,3,5.14,0,61,63,64,36,9,58,36,1.59,8.29,5.14,4.97,-0.6,6527
2014,Sergio Escalona,1,2,5.19,0,32,26,27,15,4,22,12,1.5,7.62,4.15,4.97,-0.2,7122
2014,Asher Wojciechowski,6,11,5.38,23,26,128.7,147,77,18,83,51,1.54,5.8,3.57,4.97,0,sa548167
2014,Red Patterson,4,7,4.87,12,37,101.7,103,55,14,77,49,1.49,6.81,4.34,4.98,-1.3,sa550469
2014,Jose Valdez,1,2,4.96,0,42,36.3,34,20,4,36,28,1.71,8.93,6.94,4.98,-0.3,3217
2014,Ryan Reid,3,4,4.81,0,45,61.7,63,33,8,45,30,1.51,6.56,4.38,4.98,-0.9,9385
2014,Everett Teaford,4,5,5.01,11,31,82.7,89,46,11,56,38,1.54,6.09,4.14,4.98,-0.4,3732
2014,Jeremy Accardo,2,2,4.89,0,34,42.3,44,23,5,26,21,1.54,5.53,4.47,4.99,-0.6,6428
2014,Scott Baker,2,3,4.96,10,11,49,51,27,9,38,16,1.37,6.98,2.94,4.99,0,6176
2014,Graham Godfrey,6,11,5,18,27,113.3,128,63,15,55,38,1.47,4.37,3.02,4.99,-0.9,3128
2014,Dylan Axelrod,6,8,5.27,21,28,129.7,148,76,20,88,50,1.53,6.11,3.47,4.99,0.3,9303
2014,Bo Schultz,4,5,4.98,8,32,63.3,69,35,7,35,29,1.55,4.98,4.12,4.99,-0.5,5028
2014,Edgar Ibarra,2,4,5.18,0,46,64.3,69,37,8,48,35,1.62,6.72,4.9,4.99,-0.6,sa456481
2014,Chris Volstad,6,10,5.3,26,29,149.3,175,88,21,78,51,1.51,4.7,3.07,5,-0.4,9901
2014,Mike Broadway,1,1,5.02,0,26,32.3,34,18,5,25,14,1.49,6.97,3.9,5,-0.2,sa294379
2014,Daryl Thompson,2,4,5.22,10,11,51.7,56,30,7,37,25,1.57,6.44,4.35,5,-0.3,6603
2014,Jason Berken,5,10,5.18,21,30,123.3,141,71,15,67,52,1.57,4.89,3.8,5,-1.2,5673
2014,Melvin Mercedes,3,3,5.17,0,48,55.7,64,32,7,30,22,1.54,4.85,3.55,5,-0.4,sa504001
2014,Tim Bascom,4,5,5.2,13,25,88.3,96,51,10,55,46,1.61,5.61,4.69,5.01,-0.2,sa326787
2014,Kevin Chapman,2,4,4.96,0,58,61.7,60,34,7,57,44,1.69,8.31,6.42,5.01,-0.6,11240
2014,Matt Hoffman,2,4,5.28,0,45,44.3,50,26,5,28,23,1.65,5.69,4.67,5.01,-0.4,sa392188
2014,Arodys Vizcaino,3,4,5.12,10,23,58,64,33,8,40,27,1.57,6.21,4.19,5.01,-0.4,5498
2014,Jon Moscot,6,7,4.81,23,23,104.7,107,56,17,78,41,1.41,6.7,3.52,5.02,-0.2,sa578871
2014,Jairo Asencio,2,3,5.19,0,48,50.3,52,29,8,46,26,1.55,8.23,4.65,5.02,-0.4,3332
2014,Michael Roth,3,5,5.29,13,24,64.7,70,38,9,50,32,1.58,6.96,4.45,5.03,-0.5,13736
2014,Kraig Sitton,4,4,5.46,0,50,61,72,37,8,35,25,1.59,5.16,3.69,5.03,-0.3,sa501975
2014,Austin Bibens-Dirkx,6,8,5.24,16,30,115,127,67,18,80,45,1.5,6.26,3.52,5.05,-0.3,sa327879
2014,Donnie Joseph,3,5,5.16,0,56,59.3,58,34,7,58,44,1.72,8.8,6.68,5.05,-0.6,6491
2014,Mauricio Robles,4,5,5.04,0,55,60.7,57,34,5,57,54,1.83,8.45,8.01,5.06,-0.3,8895
2014,Dusty Hughes,2,2,4.81,0,33,39.3,39,21,4,30,26,1.65,6.87,5.95,5.06,-0.6,6164
2014,Jose Ortega,4,5,5.08,0,47,56.7,57,32,8,58,38,1.68,9.21,6.03,5.06,-0.5,9651
2014,J.D. Martin,6,9,5,20,26,122.3,140,68,20,61,28,1.37,4.49,2.06,5.06,-0.5,3685
2014,Erik Cordier,3,5,4.83,6,31,54,54,29,5,41,38,1.7,6.83,6.33,5.07,-0.9,sa254907
2014,Carlos Hernandez,7,10,5,20,27,122.3,137,68,17,68,46,1.5,5,3.39,5.07,-0.4,sa393410
2014,Zach Lee,6,10,4.82,24,26,121.3,125,65,20,81,41,1.37,6.01,3.04,5.07,-0.9,sa548182
2014,Andre Rienzo,6,9,5.07,24,24,127.7,135,72,18,96,64,1.56,6.77,4.51,5.07,0.2,3507
2014,Jeff Manship,5,7,5.21,14,30,93.3,104,54,12,54,42,1.56,5.21,4.05,5.07,-0.8,6865
2014,Eric Jokisch,8,12,4.99,25,26,139,150,77,19,89,61,1.52,5.76,3.95,5.08,-0.3,sa526194
2014,Blake Beavan,6,12,5.44,24,28,152.3,181,92,25,74,36,1.42,4.37,2.13,5.08,0.1,338
2014,Chien-Ming Wang,6,8,5.19,18,20,102.3,119,59,15,46,30,1.46,4.05,2.64,5.08,-0.5,2074
2014,Nick Blackburn,3,6,5.78,15,15,81,102,52,12,36,24,1.56,4,2.67,5.08,0,4270
2014,Daisuke Matsuzaka,5,8,5.19,19,20,93.7,97,54,13,70,47,1.54,6.72,4.51,5.09,-0.4,7775
2014,Dallas Beeler,3,6,5.17,18,18,88.7,102,51,12,43,30,1.49,4.36,3.04,5.09,-0.1,sa550149
2014,Jose Arredondo,3,3,4.56,0,53,55.3,50,28,7,52,39,1.61,8.46,6.35,5.09,-0.8,4722
2014,Hector Ambriz,3,5,5.58,0,55,59.7,67,37,9,44,28,1.59,6.63,4.22,5.09,-0.7,559
2014,Tommy Hanson,7,9,5.31,22,23,123.7,133,73,24,109,49,1.47,7.93,3.57,5.09,0.7,9129
2014,Jon Garland,3,4,5.49,10,10,55.7,67,34,8,28,20,1.56,4.52,3.23,5.09,0.2,232
2014,Giovanni Soto,3,4,5.22,10,15,51.7,54,30,7,39,28,1.59,6.79,4.87,5.1,-0.3,sa502008
2014,Tim Berry,7,11,5.44,25,26,132.3,155,80,19,76,50,1.55,5.17,3.4,5.1,0.2,sa503777
2014,Juan Cedeno,1,2,4.85,0,48,55.7,58,30,5,32,34,1.65,5.17,5.49,5.11,-0.9,sa202013
2014,Will Latimer,4,4,5.19,0,27,52,56,30,7,35,26,1.58,6.06,4.5,5.12,-0.4,sa389847
2014,Scott Barnes,3,5,5.28,5,33,59.7,60,35,9,55,34,1.57,8.29,5.13,5.12,-0.7,8718
2014,Mike Zagurski,2,3,5.29,0,49,51,51,30,8,50,31,1.61,8.82,5.47,5.13,-0.7,9683
2014,Dan Wheeler,2,3,5.39,0,28,31.7,36,19,5,19,12,1.51,5.39,3.41,5.13,-0.3,120
2014,Alex White,4,8,5.24,20,21,101.3,111,59,15,73,48,1.57,6.49,4.26,5.13,-0.1,10054
2014,Tommy Kahnle,2,2,5.27,0,42,54.7,54,32,7,53,40,1.72,8.72,6.58,5.13,-0.4,sa526323
2014,Tom Layne,4,4,5.07,0,59,55,57,31,6,40,34,1.65,6.55,5.56,5.14,-0.5,7501
2014,Marcus Walden,7,10,5.3,22,26,125.7,147,74,16,58,50,1.57,4.15,3.58,5.14,0,sa389195
2014,Adam Reifer,1,2,4.96,0,32,36.3,37,20,4,24,22,1.63,5.95,5.45,5.14,-0.7,sa389398
2014,Buddy Boshers,3,4,5.2,1,57,64,65,37,8,51,40,1.64,7.17,5.63,5.14,-0.8,8490
2014,Carlos Contreras,8,9,4.72,26,26,124,122,65,16,91,70,1.55,6.6,5.08,5.14,-0.4,sa506281
2014,Clay Zavada,1,1,5.06,0,23,26.7,28,15,3,17,15,1.61,5.73,5.06,5.15,-0.5,8577
2014,Michael Morrison,3,4,5.4,0,39,53.3,56,32,6,40,35,1.71,6.75,5.91,5.15,-0.5,sa502419
2014,Jimmy Nelson,7,9,5.06,25,26,131.7,135,74,16,99,80,1.63,6.77,5.47,5.15,-0.7,10547
2014,Ryan Rowland-Smith,4,5,5.24,7,30,67,72,39,9,45,34,1.58,6.04,4.57,5.15,-0.7,3245
2014,Robbie Ray,7,9,5.2,27,27,129.7,136,75,22,116,65,1.55,8.05,4.51,5.15,0.2,sa549085
2014,J.C. Ramirez,3,5,5.4,0,50,68.3,75,41,9,48,38,1.65,6.33,5.01,5.16,-0.8,8302
2014,Brett Oberholtzer,7,13,5.46,25,27,141.7,159,86,26,100,47,1.45,6.35,2.99,5.17,-0.1,3855
2014,Buddy Carlyle,2,4,5.12,2,31,51,53,29,9,42,22,1.47,7.41,3.88,5.17,-0.9,2010
2014,Yunesky Maya,7,9,5.09,22,23,127.3,144,72,18,60,43,1.47,4.24,3.04,5.17,-0.9,11420
2014,Eddie Gamboa,6,8,5.38,18,24,103.7,117,62,15,61,43,1.54,5.29,3.73,5.17,-0.1,sa455163
2014,Joe Gardner,4,5,5.52,0,47,60.3,68,37,8,39,29,1.61,5.82,4.33,5.17,-0.4,sa501227
2014,Michael Mariot,4,6,5.51,7,39,81.7,94,50,11,49,37,1.6,5.4,4.08,5.18,-0.6,sa548433
2014,Aaron Cook,4,6,5.84,14,14,74,95,48,10,28,25,1.62,3.41,3.04,5.18,0.2,1571
2014,Scott Mcgregor,6,9,5.26,20,21,107.7,123,63,15,56,42,1.53,4.68,3.51,5.18,-0.8,sa455250
2014,Pedro Baez,2,4,5.14,0,50,61.3,65,35,9,41,28,1.52,6.02,4.11,5.18,-1.1,sa392144
2014,Mark Montgomery,3,4,5.05,0,35,46.3,44,26,7,50,33,1.66,9.72,6.41,5.19,-0.4,sa598328
2014,Hector Noesi,3,8,5.53,16,31,114,130,70,19,75,44,1.53,5.92,3.47,5.19,-0.5,3292
2014,Cory Rasmus,3,5,5.02,0,62,61,60,34,8,54,41,1.66,7.97,6.05,5.2,-0.9,2413
2014,Logan Darnell,6,13,5.66,25,26,136.7,164,86,21,78,51,1.57,5.14,3.36,5.2,-0.1,sa548339
2014,Rett Varner,4,7,5.19,12,32,85,96,49,11,46,38,1.58,4.87,4.02,5.2,-1,sa503048
2014,David Hale,5,8,5.08,20,25,113.3,123,64,15,70,55,1.57,5.56,4.37,5.2,-1,9756
2014,Joe Martinez,5,10,5.79,20,27,126,155,81,20,66,40,1.55,4.71,2.86,5.21,-0.4,3935
2014,Michael Kirkman,4,4,5.3,6,37,71.3,73,42,10,63,46,1.67,7.95,5.81,5.21,-0.4,9877
2014,Zach Kroenke,6,9,5.31,18,29,115.3,131,68,15,59,51,1.58,4.61,3.98,5.22,-1,4383
2014,Manny Corpas,3,4,5.38,0,55,75.3,86,45,12,47,29,1.53,5.62,3.47,5.23,-0.5,2807
2014,Mark Sappington,6,10,5.29,26,26,134.3,139,79,17,96,79,1.62,6.43,5.29,5.23,-0.4,sa658007
2014,Nicholas Mcbride,4,5,5.18,13,25,74.7,83,43,8,35,38,1.62,4.22,4.58,5.23,-0.7,sa501460
2014,Nestor Molina,4,6,5.69,14,22,82.3,98,52,14,52,28,1.53,5.69,3.06,5.23,-0.2,sa503616
2014,Robert Doran,5,10,5.71,22,28,126,149,80,21,72,40,1.5,5.14,2.86,5.24,-0.5,sa503077
2014,Billy Buckner,5,9,5.35,21,23,109.3,120,65,16,65,47,1.53,5.35,3.87,5.24,-0.6,8253
2014,Josh Geer,3,8,5.42,13,23,89.7,104,54,13,46,33,1.53,4.62,3.31,5.24,-1.2,4781
2014,Jon Link,3,4,5.49,6,29,59,70,36,9,31,21,1.54,4.73,3.2,5.25,-0.5,3894
2014,Ryan Perry,4,6,5.25,8,37,70.3,76,41,10,43,33,1.55,5.5,4.22,5.25,-1,8799
2014,Eddie Bonine,2,5,5.38,13,17,72,83,43,9,27,27,1.53,3.38,3.38,5.26,-0.8,5890
2014,Logan Kensing,2,3,5.1,0,34,35.3,36,20,5,28,21,1.61,7.14,5.35,5.26,-0.5,6166
2014,Daniel McCutchen,3,4,5.37,3,39,62,69,37,10,40,25,1.52,5.81,3.63,5.26,-0.5,263
2014,Johan Yan,2,2,5.25,0,47,58.3,64,34,8,37,29,1.6,5.71,4.48,5.26,-0.5,sa328938
2014,Sean White,2,4,5.1,4,35,60,63,34,5,32,40,1.72,4.8,6,5.26,-1.1,5564
2014,Eduardo Sanchez,2,3,5.4,0,41,43.3,44,26,5,34,30,1.71,7.07,6.24,5.26,-0.4,2966
2014,Brooks Raley,6,11,5.53,24,29,136.7,161,84,21,76,52,1.56,5,3.42,5.27,-0.5,10061
2014,Yohan Flande,7,9,5.72,20,29,122.7,150,78,16,65,57,1.69,4.77,4.18,5.27,-0.1,sa455995
2014,Justin Freeman,2,3,5.25,0,34,37.7,40,22,7,29,15,1.46,6.92,3.58,5.28,-0.6,7568
2014,Alex Colome,6,9,5.03,20,20,96.7,98,54,11,67,62,1.65,6.24,5.77,5.28,-0.4,6661
2014,Mark Rogers,3,6,5.08,18,22,72.7,71,41,6,55,60,1.8,6.81,7.43,5.29,-0.3,4083
2014,Mitchell Boggs,3,4,5.27,2,62,70,75,41,10,48,36,1.59,6.17,4.63,5.29,-0.7,3344
2014,Brian Sweeney,2,6,5.68,8,25,69.7,81,44,11,38,25,1.52,4.91,3.23,5.3,-0.6,1801
2014,David Holmberg,6,8,5.14,26,26,147,160,84,24,88,56,1.47,5.39,3.43,5.32,-0.9,7725
2014,Jerry Gil,3,5,5.61,0,43,49.7,54,31,6,35,32,1.73,6.34,5.79,5.32,-0.7,2207
2014,P.J. Walters,5,10,5.72,25,26,122.7,143,78,17,76,63,1.68,5.57,4.62,5.32,-0.1,9557
2014,David Purcey,2,2,5.12,0,44,51,51,29,6,41,36,1.71,7.24,6.35,5.32,-0.6,8360
2014,Michael Belfiore,2,2,5.38,0,39,70.3,75,42,12,58,36,1.58,7.43,4.61,5.32,-0.6,9324
2014,Andrew Russell,4,5,5.16,0,49,59.3,62,34,6,36,39,1.7,5.46,5.92,5.32,-1.1,sa590306
2014,Thad Weber,7,10,5.55,22,27,131.3,152,81,23,78,44,1.49,5.35,3.02,5.33,-0.5,8036
2014,Justin Germano,6,9,5.82,19,25,119,147,77,21,61,31,1.5,4.61,2.34,5.33,0.1,1938
2014,Kanekoa Texeira,1,1,5.25,2,26,37.7,41,22,5,21,18,1.56,5.01,4.3,5.33,-0.6,334
2014,Kris Johnson,4,7,5.58,14,25,90.3,103,56,12,53,46,1.65,5.28,4.58,5.33,-0.7,886
2014,Adys Portillo,3,6,5.1,13,13,54.7,54,31,5,39,42,1.76,6.42,6.91,5.33,-0.5,sa503004
2014,Warner Madrigal,1,2,5.34,0,45,57.3,59,34,9,47,32,1.59,7.38,5.03,5.33,-0.8,6419
2014,Mike Foltynewicz,4,8,5.58,23,29,119.3,132,74,18,88,63,1.63,6.64,4.75,5.34,-0.6,sa548185
2014,Devin Jones,5,8,5.6,19,26,117.3,136,73,21,75,43,1.53,5.75,3.3,5.35,-0.4,sa577952
2014,Chris Reed,4,8,5.2,19,21,100.3,105,58,12,63,60,1.65,5.65,5.38,5.35,-1,sa578869
2014,Onelki Garcia,2,4,5.04,8,38,60.7,59,34,7,49,44,1.7,7.27,6.52,5.35,-1.2,13674
2014,Fernando Cabrera,2,4,5.37,1,52,62,66,37,10,46,31,1.56,6.68,4.5,5.35,-1,2105
2014,Chris Jones,3,5,5.43,0,41,68,76,41,8,41,40,1.71,5.43,5.29,5.36,-0.7,sa392067
2014,Ryan Chaffee,2,4,5.44,0,53,56.3,55,34,7,51,43,1.74,8.15,6.87,5.36,-0.9,sa454506
2014,Brett Lorin,4,6,5.49,9,30,77,88,47,12,43,30,1.53,5.03,3.51,5.36,-0.9,sa454589
2014,Deck Mcguire,7,11,5.58,24,25,132.3,147,82,23,94,58,1.55,6.39,3.95,5.36,-0.2,sa548174
2014,J.C. Romero,0,1,5.21,0,22,19,21,11,3,14,9,1.58,6.63,4.26,5.36,-0.3,754
2014,Manny Banuelos,1,1,5.79,7,7,28,31,18,5,24,14,1.61,7.71,4.5,5.37,0,sa455894
2014,Trevor Bell,2,3,5.23,6,26,53.3,58,31,9,34,22,1.5,5.74,3.71,5.37,-0.8,7074
2014,Jose Campos,2,3,5.75,15,20,65.7,78,42,12,42,22,1.52,5.75,3.01,5.38,-0.2,sa504797
2014,Austin Wright,5,8,5.42,19,26,108,115,65,15,75,62,1.64,6.25,5.17,5.38,-1,sa455460
2014,Maikel Cleto,3,4,5.4,5,49,76.7,79,46,9,65,58,1.79,7.63,6.81,5.38,-0.9,5529
2014,Jorge Rondon,3,5,5.37,0,52,60.3,65,36,6,36,41,1.76,5.37,6.12,5.39,-1.2,sa455642
2014,Todd Redmond,6,9,5.49,22,24,119.7,132,73,25,96,41,1.45,7.22,3.08,5.39,0,9943
2014,Cole DeVries,5,9,5.88,21,23,111.7,136,73,21,61,30,1.49,4.91,2.42,5.39,-0.2,8201
2014,Steve Edlefsen,2,3,5.2,0,48,53.7,56,31,5,34,40,1.79,5.7,6.7,5.39,-1.2,2185
2014,Paul Clemens,5,11,5.88,19,32,116.3,136,76,21,78,46,1.56,6.04,3.56,5.4,-0.8,8037
2014,Jarret Martin,4,8,5.16,16,32,89,87,51,10,73,69,1.75,7.38,6.98,5.4,-1.4,sa455420
2014,Jose Diaz,2,3,5.23,0,44,44.7,45,26,7,35,25,1.57,7.05,5.03,5.4,-0.8,sa202750
2014,Kyle McClellan,3,4,5.37,4,30,57,62,34,10,34,21,1.46,5.37,3.32,5.4,-0.5,4845
2014,Jim Miller,3,5,5.45,0,49,62.7,66,38,12,58,32,1.56,8.33,4.59,5.41,-0.8,7458
2014,Brock Huntzinger,4,6,5.52,7,41,78.3,87,48,13,55,38,1.6,6.32,4.37,5.41,-0.8,sa390376
2014,Enny Romero,6,9,5.26,26,26,119.7,118,70,14,98,90,1.74,7.37,6.77,5.41,-0.4,4001
2014,Jair Jurrjens,7,10,5.85,23,23,123,155,80,19,56,45,1.63,4.1,3.29,5.41,-0.3,5556
2014,Joe Bisenius,5,7,5.24,14,16,77.3,82,45,10,50,46,1.66,5.82,5.36,5.42,-0.7,7370
2014,David Aardsma,1,2,5.28,0,31,30.7,32,18,5,26,17,1.6,7.62,4.98,5.43,-0.5,1902
2014,Steve Johnson,5,7,5.56,18,27,100.3,105,62,17,84,57,1.62,7.54,5.11,5.43,-0.3,4053
2014,Michael Ynoa,2,4,5.34,19,21,60.7,64,36,8,41,37,1.66,6.08,5.49,5.44,-0.4,sa549595
2014,Sean Gilmartin,4,9,5.8,22,22,111.7,135,72,18,63,45,1.61,5.08,3.63,5.44,-0.4,sa597798
2014,John Lamb,4,8,5.94,17,17,72.7,91,48,13,41,24,1.58,5.08,2.97,5.44,-0.2,sa454551
2014,Jose Alvarez,7,10,5.83,23,28,131.3,159,85,24,78,44,1.55,5.35,3.02,5.45,-0.5,5358
2014,Brad Mills,6,9,5.64,19,20,107,122,67,18,68,46,1.57,5.72,3.87,5.45,-0.8,4420
2014,Joe Beimel,1,2,5.59,0,31,29,32,18,5,20,14,1.59,6.21,4.34,5.46,-0.4,979
2014,Will Startup,3,4,5.85,0,32,52.3,63,34,9,28,19,1.57,4.82,3.27,5.48,-0.7,sa290704
2014,Alex Sanabia,4,7,5.5,14,14,72,85,44,13,39,24,1.51,4.88,3,5.48,-0.4,5350
2014,Ryan Buchter,3,4,4.97,0,50,54.3,47,30,6,60,54,1.86,9.94,8.95,5.48,-1.1,sa326487
2014,Bobby Cassevah,2,2,5.84,0,32,37,43,24,5,19,19,1.68,4.62,4.62,5.48,-0.4,6950
2014,Zach Miner,3,6,5.45,10,31,71,80,43,9,38,39,1.68,4.82,4.94,5.48,-0.8,3193
2014,Hiram Burgos,4,7,5.58,20,21,100,113,62,17,65,44,1.57,5.85,3.96,5.49,-0.8,9412
2014,Chris Young,2,3,5.33,11,11,55.7,62,33,10,30,20,1.47,4.85,3.23,5.49,-0.5,3196
2014,Edgar Olmos,3,5,5.17,0,44,54,58,31,5,31,39,1.8,5.17,6.5,5.49,-1.1,10174
2014,Clayton Mortensen,3,5,5.5,4,42,70.3,75,43,10,51,43,1.68,6.53,5.5,5.49,-0.8,3166
2014,Justin Marks,5,10,5.82,20,24,111.3,128,72,16,72,62,1.71,5.82,5.01,5.51,-0.5,sa501220
2014,Atahualpa Severino,1,2,5.2,0,42,46.7,47,27,7,39,31,1.67,7.52,5.97,5.51,-1,5332
2014,Nik Turley,6,10,5.71,24,25,119.7,128,76,20,98,70,1.65,7.37,5.26,5.51,-0.3,sa466024
2014,Jeff Gray,1,2,5.86,0,29,35.3,39,23,5,22,20,1.67,5.61,5.1,5.51,-0.4,7718
2014,Chad Rogers,6,8,5.36,25,25,124.3,136,74,22,75,49,1.49,5.43,3.55,5.52,-0.9,sa549784
2014,Nick Additon,6,9,5.59,20,22,112.7,124,70,21,81,49,1.54,6.47,3.91,5.52,-0.3,sa393067
2014,Nathan Adcock,5,7,5.65,15,26,102,116,64,15,52,48,1.61,4.59,4.24,5.53,-0.5,3282
2014,Zach Jackson,4,7,5.48,12,29,90.3,105,55,12,35,40,1.61,3.49,3.99,5.53,-1.4,8356
2014,Adam Russell,2,3,5.33,0,43,50.7,53,30,5,34,39,1.81,6.04,6.92,5.53,-0.9,7334
2014,Mike MacDougal,1,2,5.54,0,40,39,41,24,5,29,28,1.77,6.69,6.46,5.54,-0.8,612
2014,Rubby de la Rosa,3,4,5.63,15,25,68.7,72,43,10,56,47,1.73,7.34,6.16,5.54,-0.4,3862
2014,Nick Christiani,4,5,5.29,0,55,63,68,37,10,36,28,1.52,5.14,4,5.54,-1,10332
2014,Jeremy Bonderman,4,7,6.12,17,25,111.7,138,76,18,52,44,1.63,4.19,3.55,5.55,-0.7,1667
2014,Deunte Heath,2,4,5.57,5,35,63,67,39,9,47,41,1.71,6.71,5.86,5.56,-0.8,7371
2014,Frank De Los Santos,3,4,5.62,3,39,59.3,69,37,8,30,31,1.69,4.55,4.7,5.56,-0.7,sa393084
2014,Michael Blazek,2,3,5.28,0,57,58,57,34,8,51,43,1.72,7.91,6.67,5.57,-1,9654
2014,Carlos Pimentel,5,8,5.53,15,30,96,100,59,14,75,62,1.69,7.03,5.81,5.57,-1.2,sa393262
2014,Wilfredo Boscan,2,5,5.62,10,25,73.7,84,46,12,39,31,1.56,4.76,3.79,5.57,-1.4,sa455657
2014,Chad Beck,2,4,5.79,6,38,65.3,75,42,10,38,33,1.65,5.24,4.55,5.57,-0.8,9258
2014,Andrew Granier,7,12,5.46,27,27,140,147,85,20,103,90,1.69,6.62,5.79,5.58,-0.9,sa599479
2014,Jorge De Leon,2,5,5.91,6,47,70,81,46,11,43,35,1.66,5.53,4.5,5.58,-0.9,5397
2014,Alfredo Aceves,5,7,5.49,8,41,85.3,90,52,16,65,40,1.52,6.86,4.22,5.58,-1,5164
2014,Ramon Troncoso,2,4,5.74,0,48,58,65,37,9,36,31,1.66,5.59,4.81,5.58,-0.8,4685
2014,John Maine,1,3,5.45,6,8,34.7,38,21,5,23,21,1.7,5.97,5.45,5.58,-0.4,4773
2014,Pedro Hernandez,5,8,6.35,20,24,106.3,138,75,20,55,35,1.63,4.66,2.96,5.59,-0.3,4578
2014,Tim Crabbe,6,9,5.39,24,27,130.3,140,78,21,88,68,1.6,6.08,4.7,5.59,-1.2,sa501702
2014,Nate Robertson,3,4,5.63,4,29,48,56,30,7,25,24,1.67,4.69,4.5,5.59,-0.5,1620
2014,Chris Carpenter,1,1,5.45,0,33,41.3,43,25,5,31,31,1.79,6.76,6.76,5.59,-0.5,8556
2014,Tyler Wilson,7,11,5.95,25,35,152.7,178,101,29,96,59,1.55,5.66,3.48,5.6,-0.9,sa526290
2014,Tyler Cloyd,6,13,6.09,27,30,152.3,184,103,32,99,48,1.52,5.85,2.84,5.6,-1.2,8536
2014,Tyler Matzek,6,9,5.89,26,26,123.7,141,81,16,87,85,1.83,6.33,6.18,5.6,-0.1,sa500725
2014,Angel Sanchez,5,11,5.71,23,25,121.3,135,77,20,83,64,1.64,6.16,4.75,5.6,-1.2,sa596521
2014,Roman Mendez,3,4,5.85,6,21,47.7,53,31,8,33,24,1.61,6.23,4.53,5.61,-0.4,sa503987
2014,Jacob Pettit,6,10,5.94,23,24,124.3,148,82,23,70,46,1.56,5.07,3.33,5.61,-0.4,sa550144
2014,Anthony Fernandez,4,11,5.86,23,23,119.7,140,78,20,68,53,1.61,5.11,3.98,5.61,-0.6,sa503582
2014,Shane Greene,6,11,5.94,25,25,125.7,146,83,21,86,66,1.69,6.16,4.73,5.62,-0.4,sa501767
2014,Matt Torra,3,6,5.61,15,16,86.7,104,54,16,34,22,1.45,3.53,2.28,5.63,-0.9,sa291167
2014,Evan Meek,3,5,5.72,7,36,67.7,76,43,10,42,39,1.7,5.58,5.18,5.63,-0.8,5109
2014,Manny Delcarmen,2,4,5.48,0,39,46,49,28,6,29,30,1.72,5.67,5.87,5.63,-1,3180
2014,Robbie Weinhardt,2,2,6,0,38,63,75,42,10,36,31,1.68,5.14,4.43,5.64,-0.9,8479
2014,Ethan Martin,6,12,5.73,21,30,116.3,122,74,16,95,87,1.8,7.35,6.73,5.65,-1.4,3877
2014,Tim Alderson,3,5,5.85,4,39,80,91,52,16,56,33,1.55,6.3,3.71,5.67,-1.1,sa389899
2014,Brandon Hynick,5,10,5.79,20,23,112,131,72,21,57,37,1.5,4.58,2.97,5.67,-1.1,sa326872
2014,Ricky Romero,7,11,5.64,26,27,146.7,159,92,23,102,87,1.68,6.26,5.34,5.68,-0.8,3403
2014,Mark Prior,0,0,5.41,0,11,13.3,13,8,2,12,10,1.73,8.12,6.77,5.68,-0.3,301
2014,Chance Ruffin,3,7,5.78,8,47,88.7,100,57,16,62,43,1.61,6.29,4.36,5.69,-1.4,11745
2014,Cole Kimball,0,1,5.92,0,20,21.3,23,14,4,17,12,1.64,7.18,5.07,5.72,-0.3,9480
2014,Rudy Owens,3,8,6.05,15,15,80.3,97,54,15,47,33,1.62,5.27,3.7,5.73,-0.5,sa328313
2014,Mike Montgomery,5,10,5.63,22,23,118.3,131,74,18,65,63,1.64,4.95,4.79,5.73,-1.1,sa454399
2014,Jonathan Sanchez,4,8,5.77,18,18,84.3,86,54,14,75,59,1.72,8.01,6.3,5.74,-0.5,7507
2014,Greg Smith,5,10,5.87,18,23,107.3,131,70,18,46,41,1.6,3.86,3.44,5.74,-1.3,3455
2014,Kyle Drabek,4,6,5.86,16,20,78.3,88,51,14,53,42,1.66,6.09,4.83,5.74,-0.6,4359
2014,Keyvius Sampson,6,13,5.5,26,27,121,124,74,18,92,83,1.71,6.84,6.17,5.77,-1.8,sa501217
2014,Garrett Mock,3,6,5.69,7,34,61.7,68,39,10,42,37,1.7,6.13,5.4,5.79,-1.1,7335
2014,Trevor Bauer,5,11,5.82,25,25,125.3,131,81,18,104,97,1.82,7.47,6.97,5.79,-0.9,12703
2014,Tony Pena,4,7,5.98,10,30,81.3,97,54,12,42,45,1.75,4.65,4.98,5.82,-1,4573
2014,Matt Buschmann,6,10,5.77,23,26,126.3,140,81,19,79,77,1.72,5.63,5.49,5.82,-1.3,sa327840
2014,Luis Vasquez,2,3,5.55,0,28,35.7,35,22,3,27,35,1.96,6.81,8.82,5.82,-0.9,sa393198
2014,Bryan Mitchell,6,11,6.13,25,26,120.3,136,82,17,85,86,1.85,6.36,6.43,5.84,-0.7,sa501938
2014,AJ Schugel,4,7,6.04,20,23,98.3,113,66,16,59,55,1.71,5.4,5.04,5.86,-1.1,sa546773
2014,Andrew Oliver,4,9,5.51,22,27,116,114,71,11,88,112,1.95,6.83,8.69,5.87,-1.8,10257
2014,Curtis Partch,2,2,5.22,0,48,60.3,58,35,11,48,34,1.53,7.16,5.07,5.87,-1.3,1333
2014,Chad Jenkins,5,8,6,19,30,117,141,78,23,58,42,1.56,4.46,3.23,5.87,-1.3,10326
2014,Loek Van Mil,3,5,5.67,0,43,58.7,64,37,9,31,33,1.65,4.75,5.06,5.88,-1.3,sa328812
2014,Ryan Dennick,5,9,5.78,11,31,88.7,99,57,16,49,41,1.58,4.97,4.16,5.88,-1.6,sa502100
2014,Taylor Jungmann,7,11,5.81,25,25,124,141,80,18,63,71,1.71,4.57,5.15,5.88,-1.4,sa455475
2014,Daniel Bard,3,5,5.58,3,39,50,49,31,6,40,44,1.86,7.2,7.92,5.89,-0.8,7115
2014,Rhiner Cruz,1,3,6.08,0,54,60.7,67,41,10,47,42,1.8,6.97,6.23,5.91,-1.1,711
2014,Bobby Korecky,2,3,6.05,1,33,55,66,37,11,30,21,1.58,4.91,3.44,5.92,-1,4608
2014,Pedro Villarreal,5,10,5.99,22,29,121.7,142,81,27,72,40,1.5,5.32,2.96,5.93,-1.5,9904
2014,Jason Adam,6,12,6.24,25,25,131.3,156,91,23,77,69,1.71,5.28,4.73,5.93,-0.9,sa548332
2014,Justin Berg,1,2,5.93,2,15,27.3,34,18,4,12,15,1.79,3.96,4.95,5.94,-0.4,1973
2014,Pedro Beato,3,5,5.67,0,49,58.7,63,37,11,39,31,1.6,5.98,4.75,5.94,-1.4,1330
2014,Boof Bonser,2,4,6.14,10,13,51.3,61,35,8,25,28,1.73,4.39,4.91,5.97,-0.7,2159
2014,Jason Bergmann,2,4,6.08,3,21,40,46,27,6,24,26,1.8,5.4,5.85,5.97,-0.7,4640
2014,Charlie Leesman,4,9,6.29,21,24,107.3,122,75,19,85,71,1.8,7.13,5.96,5.97,-0.9,9124
2014,Shairon Martis,3,8,6.37,13,35,100.3,118,71,20,68,51,1.68,6.1,4.58,5.99,-1.6,6781
2014,Alex Hinshaw,1,1,5.79,0,29,28,27,18,4,28,27,1.93,9,8.68,6.01,-0.5,3941
2014,Barry Enright,5,12,6.27,25,27,130.7,158,91,27,76,55,1.63,5.23,3.79,6.02,-1.7,2412
2014,Kevin Whelan,2,3,5.97,0,40,40.7,40,27,8,40,30,1.72,8.85,6.63,6.07,-1,3462
2014,Aaron Laffey,4,8,6.1,19,32,110.7,132,75,20,51,51,1.65,4.15,4.15,6.07,-1.4,6248
2014,Josh Stinson,6,10,6.1,21,38,128.3,148,87,20,67,79,1.77,4.7,5.54,6.09,-1.8,3219
2014,Dellin Betances,4,8,6.24,16,34,96.7,102,67,15,87,84,1.92,8.1,7.82,6.09,-1.4,6216
2014,Ariel Pena,5,10,6.06,26,26,123.3,134,83,23,99,82,1.75,7.23,5.99,6.11,-1.7,sa503631
2014,Zach Clark,6,12,6.25,22,24,116.7,141,81,17,50,71,1.82,3.86,5.48,6.12,-1.2,9189
2014,Johnny Hellweg,6,12,6.02,24,29,119.7,130,80,14,82,106,1.97,6.17,7.97,6.13,-2,10065
2014,Brooks Hall,3,6,6.22,19,23,89.7,105,62,15,49,53,1.76,4.92,5.32,6.14,-1.4,sa501327
2014,Omar Poveda,5,9,6.16,24,25,133,153,91,25,86,78,1.74,5.82,5.28,6.16,-1.1,sa294843
2014,Ryan Feierabend,4,7,6.47,16,21,97.3,120,70,21,51,37,1.61,4.72,3.42,6.16,-0.9,6336
2014,James Gillheeney,4,11,6.48,25,25,123.7,146,89,25,78,65,1.71,5.68,4.73,6.18,-1.3,sa501532
2014,Kip Wells,2,4,6.35,8,9,39.7,47,28,6,17,25,1.81,3.85,5.67,6.2,-0.6,1012
2014,Dave Bush,3,6,6.51,11,16,67.7,85,49,17,36,18,1.52,4.79,2.39,6.22,-0.9,4635
2014,Doug Mathis,4,7,6.23,18,20,91,108,63,16,48,53,1.77,4.75,5.24,6.22,-0.8,3944
2014,Pedro Figueroa,2,3,6.25,0,51,59,66,41,11,39,37,1.75,5.95,5.64,6.23,-1.2,6616
2014,Randy Wells,3,5,6.29,12,14,63,74,44,13,35,31,1.67,5,4.43,6.24,-0.6,4535
2014,Dan Cortes,1,3,5.94,0,38,47,49,31,8,34,35,1.79,6.51,6.7,6.24,-1.5,4027
2014,Simon Castro,4,8,6.59,17,26,99.7,120,73,22,64,47,1.68,5.78,4.24,6.26,-1.1,9243
2014,Ryan Verdugo,4,8,6.39,19,23,93,106,66,17,61,61,1.8,5.9,5.9,6.27,-1.2,9154
2014,Tom Cochran,4,9,6.36,18,23,92,105,65,14,53,67,1.87,5.18,6.55,6.29,-1.7,sa499795
2014,Pat Misch,4,9,6.88,16,18,90.3,120,69,21,44,30,1.66,4.39,2.99,6.29,-1,5909
2014,Armando Rodriguez,2,4,6.21,5,38,66.7,74,46,16,54,35,1.63,7.29,4.72,6.3,-1.2,sa503637
2014,Steven Wright,5,9,6.36,22,25,120.3,139,85,19,69,86,1.87,5.16,6.43,6.32,-1.3,8185
2014,Chris Dwyer,6,13,6.38,25,27,128.3,148,91,21,74,90,1.86,5.19,6.31,6.34,-1.6,10045
2014,Claudio Vargas,3,5,6.51,11,17,65,78,47,13,36,34,1.72,4.98,4.71,6.34,-1,1695
2014,Chad Reineke,5,10,6.22,21,24,118.7,142,82,27,61,46,1.58,4.63,3.49,6.34,-2,7641
2014,Mark Hendrickson,2,4,6.67,0,31,51.3,64,38,11,23,21,1.66,4.04,3.68,6.34,-1.1,1574
2014,Casey Crosby,4,8,6.57,19,19,87.7,100,64,13,61,75,2,6.26,7.7,6.35,-1,5261
2014,Ross Seaton,4,11,7.02,24,25,127,165,99,29,64,49,1.69,4.54,3.47,6.38,-1.7,sa454510
2014,Rob Rasmussen,5,11,6.46,24,26,121.3,140,87,24,80,76,1.78,5.94,5.64,6.4,-1.5,sa392199
2014,Brooks Brown,4,7,6.8,13,29,86,110,65,17,44,46,1.81,4.6,4.81,6.41,-1.3,sa326507
2014,Miguel Batista,1,2,6.62,6,16,36.7,43,27,7,22,24,1.83,5.4,5.89,6.45,-0.7,46
2014,Victor Mateo,4,10,6.35,21,27,119,137,84,22,57,71,1.75,4.31,5.37,6.51,-2.3,sa504206
2014,Jose Ramirez,3,7,6.75,17,19,76,87,57,18,62,47,1.76,7.34,5.57,6.55,-1,sa504007
2014,Shawn Hill,4,10,7.15,19,20,108.3,146,86,23,41,47,1.78,3.41,3.91,6.58,-1.4,1882
2014,Charlie Haeger,4,8,6.56,20,20,105.7,122,77,19,65,79,1.9,5.53,6.73,6.6,-1.2,3545
2014,Nelson Figueroa,2,5,6.98,6,9,40,51,31,8,16,21,1.8,3.6,4.73,6.65,-0.8,683
2014,Brett Marshall,5,12,6.55,25,27,137.3,156,100,32,91,79,1.71,5.97,5.18,6.65,-2.7,5364
2014,Armando Galarraga,4,7,6.78,17,17,81,97,61,18,45,46,1.77,5,5.11,6.71,-1,4222
2014,Daniel Corcino,6,13,6.49,23,26,119.3,133,86,24,73,83,1.81,5.51,6.26,6.75,-2.5,sa503992
2014,Ismael Guillon,4,8,6.3,22,23,94.3,94,66,19,85,85,1.9,8.11,8.11,6.79,-2,sa550236
2014,Sean Gallagher,5,10,7.15,21,22,105.7,133,84,21,57,72,1.94,4.85,6.13,6.82,-1.4,8261
2014,Leyson Septimo,1,3,6.35,0,37,39.7,39,28,6,36,45,2.12,8.16,10.2,6.83,-1.1,341
2014,Scott Richmond,4,9,7.13,19,22,101,128,80,25,52,47,1.73,4.63,4.19,6.84,-1.5,4307
2014,Noel Arguelles,3,10,7.38,17,26,79.3,96,65,13,46,71,2.11,5.22,8.06,6.93,-1.7,sa536642
2014,Sugar Ray Marimon,4,11,7.21,21,23,107.3,136,86,26,60,60,1.83,5.03,5.03,6.98,-1.9,sa455795
2014,Steve Garrison,2,6,7.43,11,33,70.3,93,58,20,35,26,1.69,4.48,3.33,7.07,-1.8,9869
2014,Ramon Ortiz,2,6,7.3,12,14,69,90,56,18,30,30,1.74,3.91,3.91,7.09,-1.2,27
