BPID,LASTNAME,FIRSTNAME,POS,BATS,HEIGHT,WEIGHT,LG,AGE,HR,BB,SO,AVG,OBP,SLG,TAv,BABIP,BREAKOUT,IMPROVE,COLLAPSE,ATTRITION,ROOKIE_FL,DC_FL,PA,YEAR,MLBCODE,NAMEFULL,TAv_ACTUAL,PA_ACTUAL,TAv_LAG1,PA_LAG1,ct,LAG_PROJ,ProjResult,LagProjResult,AvgTAv,Over,Push,Under,res_valid
59432,Trout,Mike,CF,R,74,235,AL,24,30,78,146,0.296,0.387,0.54,0.332,0.348,4,66,5,6,F,T,648,2016,545361,Mike Trout,NA,NA,0.353,682,1,0.334,NA,Over,0.261181443905308,0.674,0.066,0.26,Over
58548,Posey,Buster,C ,R,73,215,NL,29,19,55,76,0.299,0.365,0.469,0.304,0.316,3,48,2,3,F,T,596,2016,457763,Buster Posey,NA,NA,0.32,623,1,0.311,NA,Over,0.261181443905308,0.49,0.076,0.434,Over
59307,Goldschmidt,Paul,1B,R,75,225,NL,28,29,87,144,0.288,0.386,0.525,0.317,0.34,1,47,2,0,F,T,634,2016,502671,Paul Goldschmidt,NA,NA,0.348,695,1,0.318,NA,Over,0.261181443905308,0.496,0.098,0.406,Over
65870,Grandal,Yasmani,C ,B,73,225,NL,27,17,67,110,0.243,0.347,0.415,0.279,0.287,2,47,7,8,F,T,499,2016,518735,Yasmani Grandal,NA,NA,0.276,426,1,0.284,NA,Under,0.261181443905308,0.25,0.21,0.54,Under
31483,Cabrera,Miguel,1B,R,76,240,AL,33,27,74,97,0.314,0.399,0.535,0.327,0.34,2,20,6,10,F,T,613,2016,408234,Miguel Cabrera,NA,NA,0.333,511,1,0.337,NA,Push,0.261181443905308,0.336,0.204,0.46,Under
56185,Donaldson,Josh,3B,R,72,220,AL,30,30,66,125,0.276,0.352,0.494,0.3,0.301,1,55,2,6,F,T,671,2016,518626,Josh Donaldson,NA,NA,0.324,711,1,0.294,NA,Over,0.261181443905308,0.452,0.1,0.448,Over
57556,Stanton,Giancarlo,RF,R,78,240,NL,26,35,68,155,0.264,0.358,0.54,0.318,0.312,4,63,2,4,F,T,561,2016,519317,Giancarlo Stanton,NA,NA,0.353,318,1,0.323,NA,Over,0.261181443905308,0.618,0.126,0.256,Over
66018,Harper,Bryce,RF,L,75,215,NL,23,29,78,128,0.28,0.374,0.511,0.313,0.316,3,58,1,5,F,T,604,2016,547180,Bryce Harper,NA,NA,0.386,654,1,0.294,NA,Over,0.261181443905308,0.604,0.172,0.224,Over
45487,Votto,Joey,1B,L,74,220,NL,32,21,115,125,0.289,0.419,0.48,0.322,0.341,1,28,2,4,F,T,643,2016,458015,Joey Votto,NA,NA,0.36,695,1,0.328,NA,Over,0.261181443905308,0.354,0.13,0.516,Under
67049,Machado,Manny,3B,R,75,185,AL,23,22,42,103,0.28,0.329,0.462,0.278,0.305,6,56,1,2,F,T,625,2016,592518,Manny Machado,NA,NA,0.292,713,1,0.27,NA,Over,0.261181443905308,0.476,0.164,0.36,Over
47127,Braun,Ryan,LF,R,74,205,NL,32,27,51,115,0.286,0.352,0.502,0.299,0.318,0,29,2,6,F,T,600,2016,460075,Ryan Braun,NA,NA,0.298,568,1,0.308,NA,Under,0.261181443905308,0.216,0.242,0.542,Under
67964,Kiermaier,Kevin,CF,L,73,215,AL,26,13,35,120,0.265,0.309,0.416,0.263,0.309,6,55,12,20,F,T,629,2016,595281,Kevin Kiermaier,NA,NA,0.259,535,1,0.261,NA,Push,0.261181443905308,0.394,0.266,0.34,Over
68520,Bryant,Kris,3B,R,77,230,NL,24,31,67,185,0.264,0.357,0.505,0.308,0.344,6,50,11,14,F,T,602,2016,592178,Kris Bryant,NA,NA,0.317,650,1,0.319,NA,Push,0.261181443905308,0.43,0.246,0.324,Over
31789,Cano,Robinson,2B,L,72,210,AL,33,21,51,98,0.29,0.348,0.461,0.298,0.315,0,24,4,4,F,T,670,2016,429664,Robinson Cano,NA,NA,0.285,674,1,0.309,NA,Under,0.261181443905308,0.226,0.25,0.524,Under
32570,Bautista,Jose,RF,R,72,205,AL,35,36,100,106,0.262,0.379,0.51,0.316,0.261,1,23,5,8,F,T,653,2016,430832,Jose Bautista,NA,NA,0.316,666,1,0.328,NA,Under,0.261181443905308,0.324,0.144,0.532,Under
57396,Heyward,Jason,RF,L,77,240,NL,26,19,60,106,0.261,0.34,0.43,0.28,0.292,4,54,2,6,F,T,601,2016,518792,Jason Heyward,NA,NA,0.294,610,1,0.289,NA,Push,0.261181443905308,0.308,0.3,0.392,Under
45447,Martin,Russell,C ,R,70,205,AL,33,19,59,107,0.236,0.329,0.405,0.269,0.264,1,24,2,11,F,T,541,2016,431145,Russell Martin,NA,NA,0.275,507,1,0.27,NA,Push,0.261181443905308,0.378,0.202,0.42,Under
100631,Buxton,Byron,CF,R,74,190,AL,22,14,46,162,0.253,0.309,0.401,0.256,0.324,6,41,1,18,T,T,623,2016,621439,Byron Buxton,NA,NA,0.214,138,1,0.253,NA,Under,0.261181443905308,0.282,0.352,0.366,Under
46724,Tulowitzki,Troy,SS,R,75,215,AL,31,24,54,99,0.276,0.349,0.478,0.292,0.298,0,37,5,3,F,T,570,2016,453064,Troy Tulowitzki,NA,NA,0.269,534,1,0.31,NA,Under,0.261181443905308,0.176,0.18,0.644,Under
60672,Seager,Kyle,3B,L,72,210,AL,28,22,56,120,0.263,0.326,0.43,0.279,0.29,0,41,3,5,F,T,699,2016,572122,Kyle Seager,NA,NA,0.279,686,1,0.284,NA,Push,0.261181443905308,0.356,0.24,0.404,Under
70430,Betts,Mookie,RF,R,69,180,AL,23,18,59,90,0.297,0.36,0.47,0.292,0.321,3,47,1,11,F,T,654,2016,605141,Mookie Betts,NA,NA,0.291,654,1,0.288,NA,Push,0.261181443905308,0.356,0.2,0.444,Under
59586,Arenado,Nolan,3B,R,74,205,NL,25,26,29,88,0.285,0.321,0.506,0.272,0.295,1,60,1,4,F,T,587,2016,571448,Nolan Arenado,NA,NA,0.299,665,1,0.26,NA,Over,0.261181443905308,0.358,0.11,0.532,Under
46400,McCutchen,Andrew,CF,R,70,200,NL,29,24,81,120,0.293,0.387,0.495,0.313,0.332,4,61,1,3,F,T,655,2016,457705,Andrew McCutchen,NA,NA,0.326,685,1,0.318,NA,Over,0.261181443905308,0.65,0.048,0.302,Over
52448,Longoria,Evan,3B,R,74,210,AL,30,26,61,133,0.259,0.334,0.449,0.285,0.292,2,52,3,12,F,T,644,2016,446334,Evan Longoria,NA,NA,0.275,670,1,0.298,NA,Under,0.261181443905308,0.22,0.17,0.61,Under
102005,Abreu,Jose,1B,R,75,255,AL,29,31,46,137,0.287,0.349,0.508,0.306,0.327,4,64,1,4,F,T,646,2016,547989,Jose Abreu,NA,NA,0.291,668,1,0.323,NA,Under,0.261181443905308,0.352,0.136,0.512,Under
67746,Eaton,Adam,RF,L,68,185,AL,27,8,50,106,0.28,0.349,0.397,0.273,0.331,12,42,4,16,F,T,603,2016,594809,Adam Eaton,NA,NA,0.282,689,1,0.273,NA,Over,0.261181443905308,0.478,0.218,0.304,Over
45436,Kemp,Matt,RF,R,76,210,NL,31,25,48,145,0.276,0.337,0.481,0.29,0.33,1,40,5,6,F,T,596,2016,461314,Matt Kemp,NA,NA,0.273,648,1,0.301,NA,Under,0.261181443905308,0.244,0.25,0.506,Under
51985,Upton,Justin,LF,R,74,205,AL,28,25,64,139,0.267,0.347,0.465,0.289,0.312,1,54,2,3,F,T,624,2016,457708,Justin Upton,NA,NA,0.294,620,1,0.295,NA,Push,0.261181443905308,0.32,0.194,0.486,Under
57514,Rizzo,Anthony,1B,L,75,240,NL,26,31,67,124,0.264,0.353,0.489,0.301,0.285,5,56,0,5,F,T,651,2016,519203,Anthony Rizzo,NA,NA,0.328,701,1,0.302,NA,Over,0.261181443905308,0.618,0.132,0.25,Over
65992,Springer,George,RF,R,75,215,AL,26,27,64,163,0.256,0.351,0.48,0.301,0.325,7,56,8,11,F,T,557,2016,543807,George Springer,NA,NA,0.299,451,1,0.298,NA,Push,0.261181443905308,0.364,0.262,0.374,Under
31564,Encarnacion,Edwin,1B,R,73,230,AL,33,34,72,92,0.267,0.353,0.505,0.303,0.262,1,20,12,15,F,T,643,2016,429665,Edwin Encarnacion,NA,NA,0.324,624,1,0.303,NA,Over,0.261181443905308,0.518,0.154,0.328,Over
52054,Gordon,Alex,LF,L,73,220,AL,32,15,56,124,0.266,0.344,0.421,0.277,0.32,0,27,4,10,F,T,592,2016,460086,Alex Gordon,NA,NA,0.299,422,1,0.282,NA,Over,0.261181443905308,0.314,0.248,0.438,Under
57191,Lucroy,Jonathan,C ,R,72,200,NL,30,15,49,87,0.276,0.336,0.429,0.271,0.301,0,39,6,5,F,T,613,2016,518960,Jonathan Lucroy,NA,NA,0.254,415,1,0.274,NA,Under,0.261181443905308,0.268,0.174,0.558,Under
57951,Harrison,Josh,2B,R,68,195,NL,28,11,25,89,0.28,0.314,0.418,0.261,0.307,4,47,2,9,F,T,617,2016,543281,Josh Harrison,NA,NA,0.264,449,1,0.271,NA,Under,0.261181443905308,0.308,0.18,0.512,Under
103751,Schwarber,Kyle,LF,L,72,235,NL,23,30,70,161,0.251,0.346,0.482,0.294,0.303,2,40,4,14,F,T,586,2016,656941,Kyle Schwarber,NA,NA,0.307,273,1,0.257,NA,Over,0.261181443905308,0.298,0.344,0.358,Under
45464,Pedroia,Dustin,2B,R,69,175,AL,32,12,55,71,0.288,0.354,0.418,0.274,0.311,1,41,2,9,F,T,602,2016,456030,Dustin Pedroia,NA,NA,0.271,425,1,0.282,NA,Under,0.261181443905308,0.19,0.196,0.614,Under
45844,Cervelli,Francisco,C ,R,73,205,NL,30,7,41,101,0.258,0.332,0.363,0.256,0.315,1,35,8,13,F,T,492,2016,465041,Francisco Cervelli,NA,NA,0.281,510,1,0.252,NA,Over,0.261181443905308,0.416,0.146,0.438,Under
100502,Correa,Carlos,SS,R,76,215,AL,21,21,52,121,0.268,0.333,0.456,0.283,0.307,8,36,7,13,F,T,606,2016,621043,Carlos Correa,NA,NA,0.295,432,1,0.243,NA,Over,0.261181443905308,0.316,0.23,0.454,Under
31672,Choo,Shin-Soo,RF,L,71,210,AL,33,14,67,124,0.261,0.365,0.409,0.28,0.323,0,26,2,7,F,T,557,2016,425783,Shin-Soo Choo,NA,NA,0.295,653,1,0.289,NA,Push,0.261181443905308,0.228,0.33,0.442,Under
45495,Zobrist,Ben,2B,B,75,210,NL,35,14,72,95,0.263,0.348,0.415,0.278,0.292,1,26,8,12,F,T,633,2016,450314,Ben Zobrist,NA,NA,0.295,535,1,0.278,NA,Over,0.261181443905308,0.416,0.286,0.298,Over
47202,Cain,Lorenzo,CF,R,74,205,AL,30,10,36,123,0.269,0.321,0.398,0.262,0.325,1,36,8,21,F,T,606,2016,456715,Lorenzo Cain,NA,NA,0.301,604,1,0.258,NA,Over,0.261181443905308,0.482,0.216,0.302,Over
65767,Belt,Brandon,1B,L,77,220,NL,28,19,59,146,0.263,0.341,0.444,0.287,0.329,1,54,2,2,F,T,588,2016,474832,Brandon Belt,NA,NA,0.317,556,1,0.291,NA,Over,0.261181443905308,0.366,0.142,0.492,Under
67156,Yelich,Christian,LF,L,74,195,NL,24,12,60,131,0.275,0.347,0.408,0.28,0.34,1,60,0,0,F,T,609,2016,592885,Christian Yelich,NA,NA,0.288,525,1,0.283,NA,Push,0.261181443905308,0.342,0.246,0.412,Under
55784,d'Arnaud,Travis,C ,R,74,210,NL,27,15,38,74,0.247,0.318,0.429,0.277,0.268,3,41,7,12,F,T,430,2016,518595,Travis d'Arnaud,NA,NA,0.312,268,1,0.28,NA,Over,0.261181443905308,0.34,0.192,0.468,Under
67574,Sano,Miguel,LF,R,76,260,AL,23,33,70,188,0.245,0.339,0.496,0.292,0.314,2,43,3,14,F,T,592,2016,593934,Miguel Sano,NA,NA,0.314,335,1,0.276,NA,Over,0.261181443905308,0.24,0.356,0.404,Under
45438,Kinsler,Ian,2B,R,72,200,AL,34,13,49,76,0.262,0.322,0.398,0.262,0.279,1,29,11,12,F,T,642,2016,435079,Ian Kinsler,NA,NA,0.269,675,1,0.269,NA,Push,0.261181443905308,0.328,0.308,0.364,Under
45465,Pence,Hunter,RF,R,76,220,NL,33,18,42,115,0.265,0.32,0.431,0.277,0.305,0,30,6,7,F,T,576,2016,452254,Hunter Pence,NA,NA,0.288,223,1,0.283,NA,Push,0.261181443905308,0.256,0.142,0.602,Under
69270,Odor,Rougned,2B,L,71,195,AL,22,17,28,99,0.268,0.313,0.439,0.268,0.297,7,54,5,10,F,T,576,2016,596059,Rougned Odor,NA,NA,0.278,470,1,0.249,NA,Over,0.261181443905308,0.398,0.222,0.38,Over
67119,Simmons,Andrelton,SS,R,74,195,AL,26,11,34,54,0.256,0.302,0.374,0.252,0.264,4,46,5,13,F,T,570,2016,592743,Andrelton Simmons,NA,NA,0.248,583,1,0.258,NA,Under,0.261181443905308,0.254,0.158,0.588,Under
340,Beltre,Adrian,3B,R,71,220,AL,37,23,40,75,0.294,0.343,0.474,0.292,0.303,0,23,7,10,F,T,616,2016,134181,Adrian Beltre,NA,NA,0.279,619,1,0.304,NA,Under,0.261181443905308,0.258,0.152,0.59,Under
37052,Holliday,Matt,LF,R,76,250,NL,36,19,66,106,0.273,0.363,0.445,0.291,0.307,2,27,3,8,F,T,606,2016,407812,Matt Holliday,NA,NA,0.299,277,1,0.302,NA,Push,0.261181443905308,0.264,0.244,0.492,Under
49755,Conger,Hank,C ,B,74,220,AL,28,12,33,95,0.232,0.299,0.384,0.249,0.275,3,46,6,15,F,T,411,2016,474233,Hank Conger,NA,NA,0.262,229,1,0.253,NA,Over,0.261181443905308,0.334,0.258,0.408,Under
67728,Calhoun,Kole,RF,L,70,205,AL,28,22,48,137,0.26,0.319,0.433,0.274,0.302,0,49,6,16,F,T,633,2016,594777,Kole Calhoun,NA,NA,0.267,686,1,0.285,NA,Under,0.261181443905308,0.332,0.306,0.362,Under
70755,Rendon,Anthony,3B,R,73,210,NL,26,14,52,95,0.267,0.34,0.425,0.275,0.301,2,59,2,8,F,T,545,2016,543685,Anthony Rendon,NA,NA,0.262,355,1,0.284,NA,Under,0.261181443905308,0.19,0.136,0.674,Under
101652,Puig,Yasiel,RF,R,74,255,NL,25,16,40,95,0.283,0.357,0.48,0.303,0.332,2,62,1,4,F,T,455,2016,624577,Yasiel Puig,NA,NA,0.286,311,1,0.313,NA,Under,0.261181443905308,0.264,0.234,0.502,Under
31366,Fielder,Prince,1B,L,71,275,AL,32,22,71,90,0.284,0.377,0.465,0.299,0.304,0,31,1,5,F,T,615,2016,425902,Prince Fielder,NA,NA,0.289,693,1,0.308,NA,Under,0.261181443905308,0.182,0.224,0.594,Under
31391,Molina,Yadier,C ,R,71,220,NL,33,10,31,56,0.285,0.33,0.415,0.267,0.302,2,31,3,8,F,T,502,2016,425877,Yadier Molina,NA,NA,0.239,530,1,0.278,NA,Under,0.261181443905308,0.198,0.104,0.698,Under
47621,Gomez,Carlos,CF,R,75,220,AL,30,19,34,134,0.254,0.309,0.437,0.267,0.303,3,50,4,12,F,T,558,2016,460576,Carlos Gomez,NA,NA,0.262,477,1,0.27,NA,Under,0.261181443905308,0.232,0.214,0.554,Under
56289,Freeman,Freddie,1B,L,77,225,NL,26,20,65,122,0.278,0.363,0.457,0.298,0.325,5,55,1,6,F,T,597,2016,518692,Freddie Freeman,NA,NA,0.316,481,1,0.301,NA,Over,0.261181443905308,0.504,0.186,0.31,Over
1499,Ortiz,David,1B,L,75,230,AL,40,30,73,98,0.276,0.361,0.508,0.299,0.285,1,18,9,12,F,T,612,2016,120074,David Ortiz,NA,NA,0.304,614,1,0.306,NA,Push,0.261181443905308,0.404,0.324,0.272,Over
45449,McCann,Brian,C ,L,75,225,AL,32,26,49,94,0.243,0.315,0.436,0.265,0.248,0,22,7,13,F,T,567,2016,435263,Brian McCann,NA,NA,0.27,535,1,0.277,NA,Under,0.261181443905308,0.314,0.158,0.528,Under
59112,Inciarte,Ender,CF,L,70,185,NL,25,7,28,69,0.271,0.309,0.365,0.253,0.297,1,53,5,16,F,T,550,2016,542255,Ender Inciarte,NA,NA,0.277,561,1,0.243,NA,Over,0.261181443905308,0.578,0.138,0.284,Over
59265,Davis,Khris,LF,R,70,195,AL,28,25,43,134,0.24,0.306,0.452,0.277,0.273,1,51,7,9,F,T,558,2016,501981,Khris Davis,NA,NA,0.286,440,1,0.29,NA,Push,0.261181443905308,0.252,0.248,0.5,Under
60007,Kipnis,Jason,2B,L,71,195,AL,29,12,62,121,0.266,0.339,0.406,0.267,0.313,1,40,3,6,F,T,638,2016,543401,Jason Kipnis,NA,NA,0.29,641,1,0.269,NA,Over,0.261181443905308,0.344,0.22,0.436,Under
51991,Turner,Justin,3B,R,71,205,NL,31,12,42,95,0.276,0.338,0.415,0.277,0.312,0,32,5,5,F,T,602,2016,457759,Justin Turner,NA,NA,0.321,439,1,0.274,NA,Over,0.261181443905308,0.248,0.124,0.628,Under
60187,Carpenter,Matt,3B,L,75,215,NL,30,14,74,111,0.273,0.361,0.427,0.284,0.315,1,47,6,9,F,T,635,2016,572761,Matt Carpenter,NA,NA,0.317,665,1,0.285,NA,Over,0.261181443905308,0.452,0.298,0.25,Over
60834,Gomes,Yan,C ,R,74,215,AL,28,17,27,124,0.261,0.306,0.436,0.263,0.316,3,34,11,12,F,T,507,2016,543228,Yan Gomes,NA,NA,0.237,389,1,0.278,NA,Under,0.261181443905308,0.278,0.176,0.546,Under
31485,Gonzalez,Adrian,1B,L,74,220,NL,34,21,47,108,0.279,0.336,0.456,0.284,0.308,0,35,2,10,F,T,609,2016,408236,Adrian Gonzalez,NA,NA,0.302,643,1,0.295,NA,Over,0.261181443905308,0.542,0.17,0.288,Over
34302,Cruz,Nelson,RF,R,74,230,AL,35,32,48,158,0.256,0.315,0.472,0.288,0.294,1,26,4,8,F,T,647,2016,443558,Nelson Cruz,NA,NA,0.331,655,1,0.289,NA,Over,0.261181443905308,0.392,0.12,0.488,Under
39835,Montero,Miguel,C ,L,71,210,NL,32,13,49,101,0.244,0.332,0.386,0.263,0.291,1,27,10,14,F,T,465,2016,471083,Miguel Montero,NA,NA,0.279,403,1,0.268,NA,Over,0.261181443905308,0.41,0.208,0.382,Over
49024,Walker,Neil,2B,B,75,210,NL,30,17,47,110,0.248,0.316,0.406,0.268,0.28,0,42,3,5,F,T,578,2016,435522,Neil Walker,NA,NA,0.274,603,1,0.279,NA,Push,0.261181443905308,0.38,0.168,0.452,Under
53004,Cespedes,Yoenis,CF,R,70,220,NL,30,25,35,130,0.256,0.305,0.462,0.284,0.29,1,46,1,8,F,T,585,2016,493316,Yoenis Cespedes,NA,NA,0.308,676,1,0.284,NA,Over,0.261181443905308,0.326,0.17,0.504,Under
55877,Altuve,Jose,2B,R,66,165,AL,26,10,33,73,0.302,0.337,0.425,0.273,0.324,4,49,6,14,F,T,664,2016,514888,Jose Altuve,NA,NA,0.285,689,1,0.273,NA,Over,0.261181443905308,0.446,0.144,0.41,Over
70262,Wong,Kolten,2B,L,69,185,NL,25,13,31,86,0.261,0.31,0.399,0.255,0.289,1,51,10,15,F,T,549,2016,543939,Kolten Wong,NA,NA,0.259,613,1,0.255,NA,Push,0.261181443905308,0.4,0.306,0.294,Over
70635,Seager,Corey,SS,L,76,215,NL,22,19,31,118,0.261,0.307,0.446,0.272,0.306,4,36,4,19,T,T,522,2016,608369,Corey Seager,NA,NA,0.356,113,1,0.256,NA,Over,0.261181443905308,0.27,0.362,0.368,Under
31514,Wright,David,3B,R,72,205,NL,33,14,54,103,0.264,0.341,0.416,0.283,0.308,0,29,2,4,F,T,531,2016,431151,David Wright,NA,NA,0.315,174,1,0.29,NA,Over,0.261181443905308,0.204,0.164,0.632,Under
36252,Granderson,Curtis,RF,L,73,200,NL,35,26,72,160,0.227,0.321,0.424,0.275,0.268,2,29,6,9,F,T,630,2016,434158,Curtis Granderson,NA,NA,0.314,682,1,0.276,NA,Over,0.261181443905308,0.454,0.208,0.338,Over
101614,Conforto,Michael,LF,L,73,215,NL,23,19,41,110,0.247,0.313,0.432,0.274,0.285,3,34,5,11,F,T,502,2016,624424,Michael Conforto,NA,NA,0.315,194,1,0.208,NA,Over,0.261181443905308,0.332,0.318,0.35,Under
102282,Kang,Jung-ho,3B,R,72,205,NL,29,14,28,95,0.266,0.332,0.432,0.275,0.315,4,43,3,10,F,T,440,2016,628356,Jung-ho Kang,NA,NA,0.294,467,1,0.263,NA,Over,0.261181443905308,0.304,0.128,0.568,Under
31606,Napoli,Mike,1B,R,73,225,AL,34,25,76,166,0.243,0.347,0.447,0.285,0.309,1,22,9,14,F,T,590,2016,435063,Mike Napoli,NA,NA,0.261,469,1,0.294,NA,Under,0.261181443905308,0.162,0.176,0.662,Under
46027,Ellsbury,Jacoby,CF,L,73,195,AL,32,15,44,92,0.274,0.33,0.413,0.265,0.304,1,50,2,10,F,T,607,2016,453056,Jacoby Ellsbury,NA,NA,0.249,501,1,0.275,NA,Under,0.261181443905308,0.37,0.204,0.426,Under
49264,Brantley,Michael,LF,L,74,200,AL,29,9,38,50,0.294,0.353,0.435,0.279,0.313,0,39,5,6,F,T,469,2016,488726,Michael Brantley,NA,NA,0.294,596,1,0.275,NA,Over,0.261181443905308,0.32,0.188,0.492,Under
58915,Forsythe,Logan,2B,R,73,205,AL,29,14,53,124,0.25,0.327,0.39,0.265,0.298,2,43,3,6,F,T,599,2016,523253,Logan Forsythe,NA,NA,0.29,615,1,0.26,NA,Over,0.261181443905308,0.306,0.212,0.482,Under
100736,Duffy,Matt,3B,R,74,170,NL,25,10,38,109,0.276,0.323,0.396,0.269,0.323,1,43,8,25,F,T,611,2016,622110,Matt Duffy,NA,NA,0.283,612,1,0.252,NA,Over,0.261181443905308,0.454,0.156,0.39,Over
45435,Jones,Adam,CF,R,74,215,AL,30,30,27,127,0.277,0.314,0.475,0.277,0.302,2,44,3,12,F,T,669,2016,430945,Adam Jones,NA,NA,0.259,581,1,0.283,NA,Under,0.261181443905308,0.308,0.192,0.5,Under
47142,Bruce,Jay,RF,L,75,225,NL,29,25,56,150,0.237,0.31,0.439,0.266,0.279,3,47,3,4,F,T,598,2016,457803,Jay Bruce,NA,NA,0.261,649,1,0.279,NA,Under,0.261181443905308,0.338,0.176,0.486,Under
48929,Santana,Carlos,1B,B,71,210,AL,30,22,103,127,0.244,0.362,0.423,0.283,0.275,3,51,5,4,F,T,674,2016,467793,Carlos Santana,NA,NA,0.265,666,1,0.298,NA,Under,0.261181443905308,0.174,0.26,0.566,Under
52260,Peralta,David,RF,L,73,215,NL,28,18,39,116,0.283,0.33,0.459,0.276,0.325,0,48,9,22,F,T,619,2016,444482,David Peralta,NA,NA,0.32,517,1,0.263,NA,Over,0.261181443905308,0.44,0.22,0.34,Over
57988,Hosmer,Eric,1B,L,76,225,AL,26,15,50,100,0.276,0.335,0.423,0.274,0.309,4,54,1,5,F,T,629,2016,543333,Eric Hosmer,NA,NA,0.289,667,1,0.274,NA,Over,0.261181443905308,0.37,0.116,0.514,Under
58147,Chisenhall,Lonnie,RF,L,74,190,AL,27,12,29,90,0.26,0.312,0.416,0.258,0.302,3,42,8,16,F,T,454,2016,502082,Lonnie Chisenhall,NA,NA,0.238,362,1,0.27,NA,Under,0.261181443905308,0.254,0.31,0.436,Under
60219,Dozier,Brian,2B,R,71,200,AL,29,19,56,123,0.237,0.31,0.4,0.257,0.268,1,41,5,10,F,T,634,2016,572821,Brian Dozier,NA,NA,0.26,704,1,0.26,NA,Push,0.261181443905308,0.318,0.34,0.342,Under
99963,Lamb,Jake,3B,L,75,205,NL,25,15,52,150,0.257,0.327,0.421,0.265,0.332,5,42,9,25,F,T,565,2016,571875,Jake Lamb,NA,NA,0.263,390,1,0.267,NA,Push,0.261181443905308,0.322,0.322,0.356,Under
53395,Frazier,Todd,3B,R,75,220,AL,30,23,45,131,0.249,0.313,0.438,0.273,0.285,2,45,4,12,F,T,598,2016,453943,Todd Frazier,NA,NA,0.293,678,1,0.278,NA,Over,0.261181443905308,0.488,0.106,0.406,Over
57278,Castro,Starlin,2B,R,74,230,AL,26,11,22,73,0.274,0.313,0.411,0.259,0.306,5,53,2,12,F,T,459,2016,516770,Starlin Castro,NA,NA,0.243,578,1,0.268,NA,Under,0.261181443905308,0.256,0.136,0.608,Under
60932,Pollock,A.J.,CF,R,73,195,NL,28,13,44,98,0.279,0.33,0.428,0.267,0.312,1,52,2,7,F,T,627,2016,572041,A.J. Pollock,NA,NA,0.306,673,1,0.257,NA,Over,0.261181443905308,0.402,0.096,0.502,Under
65980,Miller,Brad,SS,L,74,200,AL,26,13,41,92,0.257,0.323,0.414,0.269,0.297,2,53,3,11,F,T,463,2016,543543,Brad Miller,NA,NA,0.273,497,1,0.269,NA,Push,0.261181443905308,0.276,0.216,0.508,Under
66245,Polanco,Gregory,RF,L,77,230,NL,24,13,50,110,0.257,0.319,0.391,0.258,0.298,5,51,6,13,F,T,598,2016,570256,Gregory Polanco,NA,NA,0.264,652,1,0.263,NA,Push,0.261181443905308,0.264,0.338,0.398,Under
67072,Pederson,Joc,CF,L,73,215,NL,24,28,86,178,0.233,0.346,0.442,0.286,0.292,5,41,14,17,F,T,617,2016,592626,Joc Pederson,NA,NA,0.287,585,1,0.287,NA,Push,0.261181443905308,0.418,0.268,0.314,Over
67248,Bogaerts,Xander,SS,R,73,210,AL,23,13,42,121,0.282,0.334,0.414,0.266,0.334,10,55,2,6,F,T,623,2016,593428,Xander Bogaerts,NA,NA,0.266,654,1,0.268,NA,Push,0.261181443905308,0.272,0.238,0.49,Under
70093,Pillar,Kevin,CF,R,72,205,AL,27,11,22,85,0.273,0.307,0.414,0.259,0.305,5,36,8,18,F,T,544,2016,607680,Kevin Pillar,NA,NA,0.257,628,1,0.258,NA,Push,0.261181443905308,0.376,0.232,0.392,Under
46626,Span,Denard,CF,L,72,210,NL,32,3,39,64,0.269,0.322,0.368,0.259,0.301,3,43,2,13,F,T,525,2016,452655,Denard Span,NA,NA,0.305,275,1,0.258,NA,Over,0.261181443905308,0.486,0.138,0.376,Over
52253,Davis,Chris,1B,L,75,230,AL,30,37,56,181,0.255,0.333,0.518,0.296,0.314,0,61,3,7,F,T,586,2016,448801,Chris Davis,NA,NA,0.316,670,1,0.291,NA,Over,0.261181443905308,0.344,0.116,0.54,Under
54187,Martin,Leonys,CF,L,74,200,AL,28,9,32,108,0.249,0.297,0.367,0.247,0.297,2,44,5,12,F,T,518,2016,547982,Leonys Martin,NA,NA,0.21,310,1,0.258,NA,Under,0.261181443905308,0.334,0.258,0.408,Under
56034,Marte,Starling,LF,R,73,185,NL,27,17,30,138,0.274,0.328,0.439,0.278,0.334,4,53,5,6,F,T,604,2016,516782,Starling Marte,NA,NA,0.281,633,1,0.282,NA,Push,0.261181443905308,0.314,0.296,0.39,Under
56609,Reddick,Josh,RF,L,74,195,AL,29,18,46,94,0.25,0.314,0.429,0.274,0.274,5,40,3,6,F,T,535,2016,502210,Josh Reddick,NA,NA,0.287,582,1,0.273,NA,Over,0.261181443905308,0.298,0.192,0.51,Under
60009,Lawrie,Brett,2B,R,72,210,AL,26,16,34,106,0.264,0.317,0.422,0.269,0.302,1,51,4,12,F,T,548,2016,543434,Brett Lawrie,NA,NA,0.266,602,1,0.277,NA,Under,0.261181443905308,0.24,0.216,0.544,Under
70327,Semien,Marcus,SS,R,72,195,AL,25,13,48,109,0.248,0.321,0.403,0.269,0.295,1,56,5,12,F,T,512,2016,543760,Marcus Semien,NA,NA,0.253,601,1,0.273,NA,Under,0.261181443905308,0.184,0.276,0.54,Under
70399,Lindor,Francisco,SS,B,71,190,AL,22,12,46,115,0.271,0.319,0.4,0.256,0.311,8,51,10,21,F,T,631,2016,596019,Francisco Lindor,NA,NA,0.286,438,1,0.236,NA,Over,0.261181443905308,0.362,0.182,0.456,Under
70917,Turner,Trea,SS,R,73,175,NL,23,8,26,97,0.261,0.311,0.391,0.257,0.333,5,34,7,17,T,T,384,2016,607208,Trea Turner,NA,NA,0.259,44,1,0.226,NA,Over,0.261181443905308,0.358,0.296,0.346,Over
46980,Andrus,Elvis,SS,R,72,200,AL,27,5,50,83,0.27,0.325,0.355,0.25,0.3,1,54,4,7,F,T,642,2016,462101,Elvis Andrus,NA,NA,0.246,661,1,0.253,NA,Under,0.261181443905308,0.218,0.11,0.672,Under
47678,Gonzalez,Carlos,RF,L,73,220,NL,30,26,43,121,0.276,0.337,0.508,0.28,0.316,2,50,2,11,F,T,529,2016,471865,Carlos Gonzalez,NA,NA,0.284,608,1,0.295,NA,Under,0.261181443905308,0.304,0.258,0.438,Under
57758,Crawford,Brandon,SS,L,74,215,NL,29,12,47,122,0.238,0.302,0.373,0.25,0.283,2,44,5,13,F,T,589,2016,543063,Brandon Crawford,NA,NA,0.291,561,1,0.247,NA,Over,0.261181443905308,0.54,0.176,0.284,Over
204,Pujols,Albert,1B,R,75,230,AL,36,23,38,60,0.26,0.32,0.463,0.284,0.254,0,23,7,5,F,T,497,2016,405395,Albert Pujols,NA,NA,0.279,661,1,0.303,NA,Under,0.261181443905308,0.218,0.186,0.596,Under
45437,Kendrick,Howie,2B,R,71,220,NL,32,10,27,99,0.279,0.32,0.409,0.267,0.329,2,43,5,10,F,T,517,2016,435062,Howie Kendrick,NA,NA,0.272,495,1,0.273,NA,Push,0.261181443905308,0.312,0.27,0.418,Under
51312,Aoki,Nori,LF,L,69,180,AL,34,6,47,64,0.263,0.323,0.347,0.259,0.281,2,35,6,11,F,T,641,2016,493114,Nori Aoki,NA,NA,0.272,392,1,0.263,NA,Over,0.261181443905308,0.326,0.362,0.312,Push
58831,Castro,Jason,C ,L,75,215,AL,29,12,37,116,0.236,0.306,0.399,0.255,0.303,1,33,10,13,F,T,421,2016,488771,Jason Castro,NA,NA,0.231,375,1,0.26,NA,Under,0.261181443905308,0.234,0.26,0.506,Under
60635,Myers,Wil,1B,R,75,205,NL,25,20,53,142,0.255,0.324,0.425,0.271,0.31,2,56,1,6,F,T,589,2016,571976,Wil Myers,NA,NA,0.288,253,1,0.284,NA,Push,0.261181443905308,0.274,0.19,0.536,Under
66638,Dickerson,Corey,RF,L,73,205,AL,27,18,32,110,0.274,0.322,0.474,0.286,0.323,3,55,3,7,F,T,488,2016,572816,Corey Dickerson,NA,NA,0.288,234,1,0.286,NA,Push,0.261181443905308,0.328,0.206,0.466,Under
100193,Travis,Devon,2B,R,69,190,AL,25,12,30,77,0.268,0.323,0.423,0.268,0.305,2,20,18,38,F,T,422,2016,581527,Devon Travis,NA,NA,0.307,238,1,0.262,NA,Over,0.261181443905308,0.282,0.246,0.472,Under
31724,Ramirez,Hanley,1B,R,74,235,AL,32,20,48,100,0.272,0.339,0.454,0.28,0.302,0,36,2,12,F,T,566,2016,434670,Hanley Ramirez,NA,NA,0.252,430,1,0.295,NA,Under,0.261181443905308,0.262,0.172,0.566,Under
47736,Headley,Chase,3B,B,74,215,AL,32,15,58,129,0.258,0.34,0.405,0.268,0.315,2,38,8,12,F,T,570,2016,452104,Chase Headley,NA,NA,0.245,642,1,0.277,NA,Under,0.261181443905308,0.222,0.244,0.534,Under
51994,Jennings,Desmond,LF,R,74,210,AL,29,10,41,93,0.248,0.322,0.393,0.263,0.294,4,40,4,11,F,T,445,2016,457775,Desmond Jennings,NA,NA,0.254,108,1,0.268,NA,Under,0.261181443905308,0.244,0.25,0.506,Under
52296,Jay,Jon,LF,L,71,195,NL,31,6,32,83,0.268,0.332,0.371,0.258,0.312,0,51,3,15,F,T,471,2016,445055,Jon Jay,NA,NA,0.214,245,1,0.269,NA,Under,0.261181443905308,0.396,0.216,0.388,Over
56761,Segura,Jean,2B,R,70,205,NL,26,8,25,86,0.268,0.302,0.378,0.242,0.302,2,42,7,13,F,T,576,2016,516416,Jean Segura,NA,NA,0.217,584,1,0.255,NA,Under,0.261181443905308,0.398,0.118,0.484,Under
58450,Mercer,Jordy,SS,R,75,205,NL,29,10,34,94,0.256,0.307,0.381,0.249,0.294,3,47,12,25,F,T,533,2016,474568,Jordy Mercer,NA,NA,0.228,430,1,0.264,NA,Under,0.261181443905308,0.378,0.256,0.366,Over
58880,Gordon,Dee,2B,L,71,170,NL,28,2,34,99,0.278,0.317,0.354,0.25,0.326,1,34,4,13,F,T,624,2016,543829,Dee Gordon,NA,NA,0.292,653,1,0.246,NA,Over,0.261181443905308,0.602,0.19,0.208,Over
100059,Piscotty,Stephen,RF,R,75,210,NL,25,13,44,98,0.265,0.325,0.409,0.268,0.299,4,32,12,37,F,T,591,2016,572039,Stephen Piscotty,NA,NA,0.314,256,1,0.258,NA,Over,0.261181443905308,0.348,0.254,0.398,Under
46792,Van Slyke,Scott,LF,R,76,220,NL,29,13,37,87,0.251,0.337,0.44,0.283,0.306,3,32,5,10,F,T,346,2016,475100,Scott Van Slyke,NA,NA,0.271,253,1,0.296,NA,Under,0.261181443905308,0.232,0.234,0.534,Under
49890,Parra,Gerardo,LF,L,71,210,NL,29,11,38,92,0.287,0.335,0.429,0.255,0.324,2,42,13,18,F,T,578,2016,467827,Gerardo Parra,NA,NA,0.272,589,1,0.256,NA,Over,0.261181443905308,0.444,0.21,0.346,Over
31511,Reyes,Jose,SS,B,72,195,NL,33,7,26,39,0.305,0.347,0.44,0.264,0.322,1,26,5,8,F,T,400,2016,408314,Jose Reyes,NA,NA,0.241,519,1,0.275,NA,Under,0.261181443905308,0.298,0.208,0.494,Under
45397,Cabrera,Melky,LF,B,70,210,AL,31,11,35,79,0.287,0.329,0.418,0.272,0.315,0,37,2,5,F,T,582,2016,466320,Melky Cabrera,NA,NA,0.253,683,1,0.278,NA,Under,0.261181443905308,0.334,0.208,0.458,Under
47454,Gardner,Brett,LF,L,71,195,AL,32,10,52,112,0.256,0.328,0.389,0.256,0.304,4,37,4,16,F,T,559,2016,458731,Brett Gardner,NA,NA,0.264,656,1,0.263,NA,Push,0.261181443905308,0.31,0.318,0.372,Under
49829,Ramos,Wilson,C ,R,72,230,NL,28,17,28,81,0.252,0.297,0.415,0.258,0.272,2,52,6,10,F,T,455,2016,467092,Wilson Ramos,NA,NA,0.231,504,1,0.268,NA,Under,0.261181443905308,0.254,0.1,0.646,Under
57013,Norris,Derek,C ,R,72,210,NL,27,13,40,104,0.247,0.32,0.409,0.268,0.299,5,49,5,8,F,T,447,2016,519083,Derek Norris,NA,NA,0.263,557,1,0.276,NA,Under,0.261181443905308,0.214,0.162,0.624,Under
57850,Flores,Wilmer,SS,R,75,205,NL,24,13,17,64,0.256,0.288,0.414,0.262,0.272,4,51,3,12,F,T,420,2016,527038,Wilmer Flores,NA,NA,0.262,510,1,0.261,NA,Push,0.261181443905308,0.244,0.246,0.51,Under
59654,Hamilton,Billy,CF,B,72,160,NL,25,7,32,100,0.244,0.285,0.343,0.229,0.285,4,63,4,17,F,T,534,2016,571740,Billy Hamilton,NA,NA,0.215,454,1,0.242,NA,Under,0.261181443905308,0.596,0.168,0.236,Over
68156,Franco,Maikel,3B,R,73,215,NL,23,23,26,101,0.268,0.303,0.459,0.273,0.289,2,34,5,15,F,T,587,2016,596748,Maikel Franco,NA,NA,0.305,335,1,0.254,NA,Over,0.261181443905308,0.408,0.202,0.39,Over
1113,Phillips,Brandon,2B,R,72,210,NL,35,12,30,84,0.266,0.308,0.383,0.252,0.29,1,29,4,12,F,T,594,2016,408252,Brandon Phillips,NA,NA,0.27,623,1,0.258,NA,Over,0.261181443905308,0.418,0.198,0.384,Over
16631,Teixeira,Mark,1B,B,75,225,AL,36,27,60,103,0.236,0.328,0.452,0.276,0.244,0,24,6,9,F,T,545,2016,407893,Mark Teixeira,NA,NA,0.313,462,1,0.279,NA,Over,0.261181443905308,0.338,0.112,0.55,Under
31759,Mauer,Joe,1B,L,77,225,AL,33,8,68,102,0.279,0.36,0.387,0.272,0.33,3,26,3,12,F,T,609,2016,408045,Joe Mauer,NA,NA,0.258,666,1,0.286,NA,Under,0.261181443905308,0.33,0.314,0.356,Under
45945,Desmond,Ian,LF,R,75,215,AL,30,18,38,142,0.252,0.305,0.414,0.258,0.308,4,54,4,9,F,T,572,2016,435622,Ian Desmond,NA,NA,0.254,641,1,0.265,NA,Under,0.261181443905308,0.256,0.26,0.484,Under
50312,Murphy,Daniel,2B,L,73,215,NL,31,10,32,70,0.286,0.324,0.412,0.265,0.308,0,38,3,5,F,T,588,2016,502517,Daniel Murphy,NA,NA,0.283,538,1,0.27,NA,Over,0.261181443905308,0.442,0.132,0.426,Over
56615,Revere,Ben,CF,L,69,170,NL,28,3,28,59,0.289,0.32,0.352,0.249,0.313,3,38,8,13,F,T,599,2016,519184,Ben Revere,NA,NA,0.268,634,1,0.249,NA,Over,0.261181443905308,0.57,0.188,0.242,Over
57478,Moustakas,Mike,3B,L,72,215,AL,27,17,41,100,0.245,0.301,0.398,0.254,0.267,4,46,6,18,F,T,616,2016,519058,Mike Moustakas,NA,NA,0.291,614,1,0.249,NA,Over,0.261181443905308,0.416,0.204,0.38,Over
58488,Nava,Daniel,LF,B,71,200,AL,33,10,52,114,0.251,0.337,0.363,0.266,0.304,1,25,6,11,F,T,558,2016,537953,Daniel Nava,NA,NA,0.234,166,1,0.273,NA,Under,0.261181443905308,0.26,0.312,0.428,Under
58809,Gregorius,Didi,SS,L,75,205,AL,26,11,37,89,0.253,0.309,0.38,0.249,0.282,4,46,15,23,F,T,554,2016,544369,Didi Gregorius,NA,NA,0.251,578,1,0.251,NA,Push,0.261181443905308,0.31,0.35,0.34,Push
59497,Kim,Hyun-Soo,LF,L,74,210,AL,28,11,39,64,0.271,0.326,0.404,0.26,0.287,0,47,4,15,T,T,540,2016,547957,Hyun-Soo Kim,NA,NA,0.261181443905308,0,1,0.26,NA,Push,0.261181443905308,0.298,0.364,0.338,Push
68302,Bradley,Jackie,CF,L,70,200,AL,26,13,43,126,0.245,0.317,0.4,0.254,0.308,7,61,8,15,F,T,513,2016,598265,Jackie Bradley,NA,NA,0.28,255,1,0.249,NA,Over,0.261181443905308,0.272,0.336,0.392,Under
45446,Markakis,Nick,RF,L,73,190,NL,32,8,55,78,0.27,0.338,0.365,0.263,0.299,2,37,5,19,F,T,617,2016,455976,Nick Markakis,NA,NA,0.283,686,1,0.269,NA,Over,0.261181443905308,0.51,0.252,0.238,Over
100145,Colabello,Chris,1B,R,76,235,AL,32,22,41,145,0.261,0.322,0.453,0.276,0.327,0,17,7,10,F,T,522,2016,499624,Chris Colabello,NA,NA,0.304,360,1,0.272,NA,Over,0.261181443905308,0.274,0.192,0.534,Under
107188,Park,Byung-ho,1B,R,73,194,AL,29,19,46,129,0.255,0.326,0.442,0.274,0.31,6,28,8,17,T,T,517,2016,666560,Byung-ho Park,NA,NA,0.261181443905308,0,1,0.274,NA,Push,0.261181443905308,0.344,0.232,0.424,Under
40963,Peralta,Jhonny,SS,R,74,215,NL,34,7,22,53,0.261,0.321,0.403,0.263,0.301,0,31,8,14,F,T,281,2016,425509,Jhonny Peralta,NA,NA,0.273,640,1,0.265,NA,Over,0.261181443905308,0.372,0.236,0.392,Under
56196,Duda,Lucas,1B,L,76,255,NL,30,23,66,138,0.237,0.334,0.431,0.282,0.277,3,46,4,9,F,T,576,2016,446263,Lucas Duda,NA,NA,0.32,554,1,0.286,NA,Over,0.261181443905308,0.472,0.12,0.408,Over
56444,Hernandez,Cesar,2B,B,70,160,NL,26,6,48,125,0.267,0.323,0.359,0.253,0.328,5,53,11,26,F,T,615,2016,514917,Cesar Hernandez,NA,NA,0.261,452,1,0.25,NA,Over,0.261181443905308,0.422,0.246,0.332,Over
60423,Santana,Domingo,RF,R,77,220,NL,23,19,48,155,0.246,0.329,0.439,0.274,0.337,1,31,4,16,F,T,480,2016,570267,Domingo Santana,NA,NA,0.289,187,1,0.262,NA,Over,0.261181443905308,0.232,0.318,0.45,Under
69508,Ahmed,Nick,SS,R,74,195,NL,26,6,25,79,0.24,0.281,0.352,0.226,0.275,8,41,10,27,F,T,456,2016,605113,Nick Ahmed,NA,NA,0.236,459,1,0.224,NA,Over,0.261181443905308,0.46,0.158,0.382,Over
70633,Russell,Addison,SS,R,72,200,NL,22,16,40,142,0.24,0.301,0.4,0.254,0.302,4,37,0,13,F,T,536,2016,608365,Addison Russell,NA,NA,0.252,523,1,0.262,NA,Under,0.261181443905308,0.27,0.35,0.38,Under
105419,Castillo,Rusney,LF,R,69,195,AL,28,12,30,97,0.264,0.311,0.4,0.25,0.307,3,44,9,16,F,T,507,2016,628329,Rusney Castillo,NA,NA,0.213,289,1,0.284,NA,Under,0.261181443905308,0.338,0.268,0.394,Under
858,Uribe,Juan,3B,R,72,245,AL,37,9,25,82,0.251,0.301,0.382,0.245,0.298,0,21,15,16,F,T,396,2016,346874,Juan Uribe,NA,NA,0.272,397,1,0.25,NA,Over,0.261181443905308,0.418,0.17,0.412,Over
1105,Martinez,Victor,1B,B,74,210,AL,37,14,48,60,0.285,0.345,0.421,0.274,0.297,0,22,10,7,F,T,600,2016,400121,Victor Martinez,NA,NA,0.232,485,1,0.292,NA,Under,0.261181443905308,0.172,0.22,0.608,Under
46195,Jaso,John,1B,L,74,205,NL,32,10,52,72,0.264,0.356,0.407,0.278,0.3,1,31,4,7,F,T,449,2016,444379,John Jaso,NA,NA,0.3,216,1,0.281,NA,Over,0.261181443905308,0.464,0.174,0.362,Over
46522,Rasmus,Colby,LF,L,74,195,AL,29,22,45,154,0.231,0.297,0.426,0.258,0.288,1,44,1,3,F,T,540,2016,458675,Colby Rasmus,NA,NA,0.283,485,1,0.267,NA,Over,0.261181443905308,0.324,0.248,0.428,Under
47493,Fowler,Dexter,CF,B,77,195,NL,30,12,75,143,0.247,0.342,0.387,0.268,0.312,3,40,6,8,F,T,607,2016,451594,Dexter Fowler,NA,NA,0.281,690,1,0.271,NA,Over,0.261181443905308,0.482,0.222,0.296,Over
48892,Smith,Seth,RF,L,75,210,AL,33,10,41,87,0.246,0.326,0.401,0.27,0.296,2,28,5,9,F,T,402,2016,452234,Seth Smith,NA,NA,0.281,452,1,0.274,NA,Over,0.261181443905308,0.4,0.198,0.402,Under
59688,Villar,Jonathan,SS,B,73,215,NL,25,9,38,128,0.24,0.3,0.37,0.24,0.312,4,45,15,27,F,T,470,2016,542340,Jonathan Villar,NA,NA,0.27,128,1,0.238,NA,Over,0.261181443905308,0.4,0.222,0.378,Over
60408,Grichuk,Randal,CF,R,73,195,NL,24,22,26,137,0.248,0.29,0.451,0.264,0.293,4,26,20,29,F,T,550,2016,545341,Randal Grichuk,NA,NA,0.316,350,1,0.251,NA,Over,0.261181443905308,0.352,0.234,0.414,Under
65867,Dietrich,Derek,3B,L,72,210,NL,26,10,18,63,0.24,0.318,0.432,0.274,0.282,5,55,7,9,F,T,265,2016,518618,Derek Dietrich,NA,NA,0.301,289,1,0.265,NA,Over,0.261181443905308,0.362,0.182,0.456,Under
1292,Rodriguez,Alex,1B,R,75,230,AL,40,22,63,133,0.243,0.333,0.417,0.268,0.285,1,18,9,15,F,T,579,2016,121347,Alex Rodriguez,NA,NA,0.292,620,1,0.273,NA,Over,0.261181443905308,0.296,0.124,0.58,Under
45379,Morales,Kendrys,1B,B,73,225,AL,33,18,45,111,0.263,0.322,0.425,0.273,0.296,3,33,4,8,F,T,617,2016,434778,Kendrys Morales,NA,NA,0.294,639,1,0.275,NA,Over,0.261181443905308,0.372,0.174,0.454,Under
46150,Iannetta,Chris,C ,R,72,230,AL,33,13,69,127,0.217,0.332,0.354,0.261,0.275,2,23,5,15,F,T,492,2016,455104,Chris Iannetta,NA,NA,0.23,317,1,0.271,NA,Under,0.261181443905308,0.166,0.226,0.608,Under
48560,Prado,Martin,3B,R,73,190,NL,32,9,37,64,0.269,0.316,0.38,0.261,0.287,1,37,8,11,F,T,574,2016,445988,Martin Prado,NA,NA,0.283,551,1,0.269,NA,Over,0.261181443905308,0.444,0.138,0.418,Over
50106,Pham,Thomas,LF,R,73,175,NL,28,6,24,65,0.265,0.331,0.415,0.269,0.33,6,26,14,26,F,T,278,2016,502054,Thomas Pham,NA,NA,0.298,173,1,0.261,NA,Over,0.261181443905308,0.414,0.268,0.318,Over
59339,LeMahieu,DJ,2B,R,76,215,NL,27,6,33,95,0.283,0.322,0.38,0.238,0.329,10,47,9,19,F,T,572,2016,518934,DJ LeMahieu,NA,NA,0.253,620,1,0.237,NA,Over,0.261181443905308,0.548,0.154,0.298,Over
67758,Gattis,Evan,1B,R,76,270,AL,29,22,24,97,0.25,0.297,0.471,0.273,0.274,8,52,6,8,F,T,445,2016,594828,Evan Gattis,NA,NA,0.262,604,1,0.286,NA,Under,0.261181443905308,0.258,0.178,0.564,Under
69790,Marte,Ketel,SS,B,73,165,AL,22,5,25,102,0.259,0.288,0.347,0.24,0.306,5,32,12,24,F,T,556,2016,606466,Ketel Marte,NA,NA,0.289,247,1,0.223,NA,Over,0.261181443905308,0.364,0.244,0.392,Under
69854,Peterson,Jace,2B,L,72,200,NL,26,6,56,113,0.235,0.309,0.334,0.24,0.283,4,48,14,33,F,T,577,2016,607054,Jace Peterson,NA,NA,0.251,597,1,0.236,NA,Over,0.261181443905308,0.566,0.16,0.274,Over
102355,Tomas,Yasmany,LF,R,74,255,NL,25,13,25,126,0.257,0.297,0.402,0.246,0.323,8,60,2,9,F,T,505,2016,630111,Yasmany Tomas,NA,NA,0.246,426,1,0.266,NA,Under,0.261181443905308,0.27,0.206,0.524,Under
1037,Crawford,Carl,LF,L,74,230,NL,34,8,20,82,0.262,0.299,0.391,0.253,0.305,0,21,15,16,F,T,448,2016,408307,Carl Crawford,NA,NA,0.251,193,1,0.268,NA,Under,0.261181443905308,0.294,0.344,0.362,Under
40737,Pagan,Angel,LF,B,74,200,NL,34,5,36,83,0.261,0.308,0.362,0.25,0.299,0,30,11,16,F,T,551,2016,434636,Angel Pagan,NA,NA,0.236,551,1,0.264,NA,Under,0.261181443905308,0.406,0.258,0.336,Over
45396,Butler,Billy,1B,R,72,260,AL,30,14,52,97,0.267,0.336,0.405,0.273,0.302,1,44,5,8,F,T,580,2016,456714,Billy Butler,NA,NA,0.255,601,1,0.287,NA,Under,0.261181443905308,0.162,0.154,0.684,Under
45398,Cabrera,Asdrubal,SS,B,72,205,NL,30,11,29,77,0.242,0.302,0.395,0.26,0.274,2,52,2,4,F,T,406,2016,452678,Asdrubal Cabrera,NA,NA,0.261,551,1,0.265,NA,Push,0.261181443905308,0.236,0.216,0.548,Under
45457,Moss,Brandon,1B,L,72,210,NL,32,14,30,82,0.244,0.325,0.46,0.278,0.294,1,29,3,6,F,T,306,2016,461235,Brandon Moss,NA,NA,0.252,526,1,0.287,NA,Under,0.261181443905308,0.358,0.208,0.434,Under
55752,Cozart,Zack,SS,R,72,195,NL,30,11,27,89,0.245,0.284,0.371,0.238,0.273,2,35,9,20,F,T,533,2016,446359,Zack Cozart,NA,NA,0.288,214,1,0.24,NA,Over,0.261181443905308,0.488,0.156,0.356,Over
59664,Holt,Brock,2B,L,70,180,AL,28,3,26,63,0.279,0.332,0.379,0.252,0.331,5,33,9,20,F,T,355,2016,571788,Brock Holt,NA,NA,0.256,509,1,0.257,NA,Push,0.261181443905308,0.388,0.34,0.272,Over
60645,Paulsen,Ben,1B,L,76,210,NL,28,17,35,134,0.258,0.314,0.449,0.256,0.329,7,19,11,26,F,T,484,2016,572019,Ben Paulsen,NA,NA,0.269,354,1,0.256,NA,Over,0.261181443905308,0.336,0.264,0.4,Under
66391,Schoop,Jonathan,2B,R,73,225,AL,24,20,16,112,0.248,0.281,0.431,0.251,0.284,4,41,4,10,F,T,473,2016,570731,Jonathan Schoop,NA,NA,0.271,321,1,0.24,NA,Over,0.261181443905308,0.344,0.26,0.396,Under
66594,Taylor,Michael,CF,R,75,210,NL,25,8,22,88,0.233,0.294,0.381,0.246,0.315,3,25,12,35,F,T,283,2016,572191,Michael Taylor,NA,NA,0.24,511,1,0.242,NA,Push,0.261181443905308,0.382,0.344,0.274,Over
70407,Swihart,Blake,C ,B,73,200,AL,24,9,29,110,0.265,0.31,0.393,0.248,0.329,10,37,12,24,F,T,484,2016,596119,Blake Swihart,NA,NA,0.241,309,1,0.237,NA,Push,0.261181443905308,0.346,0.264,0.39,Under
1020,Werth,Jayson,LF,R,77,240,NL,37,15,58,109,0.254,0.344,0.41,0.275,0.301,0,22,12,15,F,T,510,2016,150029,Jayson Werth,NA,NA,0.254,378,1,0.292,NA,Under,0.261181443905308,0.238,0.234,0.528,Under
46607,Plouffe,Trevor,3B,R,74,215,AL,30,19,46,119,0.246,0.31,0.418,0.262,0.281,2,33,6,12,F,T,581,2016,461858,Trevor Plouffe,NA,NA,0.261,632,1,0.262,NA,Push,0.261181443905308,0.376,0.302,0.322,Over
47939,Jackson,Austin,CF,R,73,205,AL,29,8,43,121,0.256,0.319,0.377,0.255,0.327,4,47,5,16,F,T,502,2016,457706,Austin Jackson,NA,NA,0.254,527,1,0.264,NA,Under,0.261181443905308,0.424,0.266,0.31,Over
51804,Morrison,Logan,1B,L,74,240,AL,28,19,51,96,0.242,0.318,0.417,0.268,0.262,0,35,2,6,F,T,549,2016,489149,Logan Morrison,NA,NA,0.254,511,1,0.281,NA,Under,0.261181443905308,0.222,0.186,0.592,Under
54488,Olivera,Hector,LF,R,74,220,NL,31,11,30,85,0.248,0.302,0.382,0.254,0.282,2,22,12,23,T,T,483,2016,493343,Hector Olivera,NA,NA,0.261,87,1,0.254,NA,Push,0.261181443905308,0.306,0.346,0.348,Under
56850,Tejada,Ruben,SS,R,71,200,NL,26,2,24,42,0.261,0.325,0.342,0.25,0.295,3,43,7,14,F,T,308,2016,514913,Ruben Tejada,NA,NA,0.277,407,1,0.245,NA,Over,0.261181443905308,0.464,0.186,0.35,Over
58012,Alonso,Yonder,1B,L,73,230,AL,29,9,43,68,0.264,0.33,0.386,0.264,0.292,3,54,7,11,F,T,481,2016,475174,Yonder Alonso,NA,NA,0.271,402,1,0.27,NA,Push,0.261181443905308,0.25,0.272,0.478,Under
59603,Bour,Justin,1B,L,76,250,NL,28,22,43,111,0.251,0.311,0.433,0.27,0.28,9,29,9,24,F,T,548,2016,571506,Justin Bour,NA,NA,0.289,446,1,0.264,NA,Over,0.261181443905308,0.344,0.224,0.432,Under
66539,Gennett,Scooter,2B,L,70,185,NL,26,13,25,98,0.277,0.307,0.416,0.253,0.311,8,48,6,19,F,T,592,2016,571697,Scooter Gennett,NA,NA,0.233,391,1,0.254,NA,Under,0.261181443905308,0.372,0.198,0.43,Under
688,Rollins,Jimmy,SS,B,67,175,AL,37,8,37,62,0.236,0.303,0.358,0.244,0.259,0,26,13,16,F,T,423,2016,276519,Jimmy Rollins,NA,NA,0.237,563,1,0.254,NA,Under,0.261181443905308,0.38,0.246,0.374,Over
1358,Beltran,Carlos,RF,B,73,215,AL,39,20,45,94,0.258,0.322,0.446,0.27,0.28,0,11,3,9,F,T,526,2016,136860,Carlos Beltran,NA,NA,0.28,531,1,0.279,NA,Push,0.261181443905308,0.3,0.156,0.544,Under
46752,Valbuena,Luis,3B,L,70,215,AL,30,17,57,113,0.235,0.319,0.404,0.263,0.27,0,30,7,14,F,T,534,2016,472528,Luis Valbuena,NA,NA,0.267,493,1,0.261,NA,Push,0.261181443905308,0.328,0.262,0.41,Under
47236,Carter,Chris,1B,R,76,245,NL,29,27,58,164,0.226,0.317,0.457,0.271,0.283,7,54,3,6,F,T,518,2016,474892,Chris Carter,NA,NA,0.266,460,1,0.28,NA,Under,0.261181443905308,0.292,0.202,0.506,Under
47625,Escobar,Alcides,SS,R,73,185,AL,29,4,27,92,0.256,0.288,0.339,0.231,0.288,1,51,4,11,F,T,672,2016,444876,Alcides Escobar,NA,NA,0.224,662,1,0.235,NA,Under,0.261181443905308,0.47,0.096,0.434,Over
48037,Lind,Adam,1B,L,74,195,AL,32,16,41,97,0.262,0.324,0.422,0.276,0.301,2,30,3,8,F,T,482,2016,452252,Adam Lind,NA,NA,0.294,572,1,0.273,NA,Over,0.261181443905308,0.414,0.116,0.47,Under
48901,Sandoval,Pablo,3B,B,71,255,AL,29,17,37,77,0.281,0.333,0.447,0.273,0.299,1,44,2,8,F,T,552,2016,467055,Pablo Sandoval,NA,NA,0.229,505,1,0.286,NA,Under,0.261181443905308,0.202,0.076,0.722,Under
51421,Ramirez,Alexei,SS,R,74,180,NL,34,7,22,70,0.257,0.289,0.36,0.237,0.282,1,23,10,18,F,T,546,2016,493351,Alexei Ramirez,NA,NA,0.236,622,1,0.245,NA,Under,0.261181443905308,0.452,0.182,0.366,Over
56945,Vogt,Stephen,C ,L,72,225,AL,31,16,48,100,0.256,0.317,0.413,0.267,0.285,5,27,14,25,F,T,577,2016,519390,Stephen Vogt,NA,NA,0.286,511,1,0.268,NA,Over,0.261181443905308,0.37,0.174,0.456,Under
57335,Perez,Salvador,C ,R,75,240,AL,26,16,22,77,0.273,0.303,0.422,0.265,0.289,5,53,2,10,F,T,590,2016,521692,Salvador Perez,NA,NA,0.251,553,1,0.27,NA,Under,0.261181443905308,0.192,0.1,0.708,Under
58220,Giavotella,Johnny,2B,R,68,185,AL,28,6,32,66,0.258,0.311,0.36,0.251,0.29,2,19,8,20,F,T,456,2016,543213,Johnny Giavotella,NA,NA,0.257,502,1,0.256,NA,Push,0.261181443905308,0.244,0.434,0.322,Push
59275,Martinez,J.D.,RF,R,75,220,AL,28,23,41,141,0.269,0.322,0.459,0.277,0.322,1,50,8,11,F,T,588,2016,502110,J.D. Martinez,NA,NA,0.304,657,1,0.275,NA,Over,0.261181443905308,0.42,0.11,0.47,Under
59582,Adams,Matt,1B,L,75,260,NL,27,18,25,108,0.269,0.309,0.451,0.268,0.315,5,54,5,8,F,T,485,2016,571431,Matt Adams,NA,NA,0.242,186,1,0.278,NA,Under,0.261181443905308,0.29,0.132,0.578,Under
61057,Ackley,Dustin,LF,L,73,205,AL,28,7,25,47,0.256,0.324,0.406,0.261,0.286,0,47,3,15,F,T,276,2016,554429,Dustin Ackley,NA,NA,0.265,264,1,0.265,NA,Push,0.261181443905308,0.276,0.332,0.392,Under
66810,Hechavarria,Adeiny,SS,R,74,215,NL,27,5,28,97,0.253,0.29,0.344,0.236,0.298,4,47,12,17,F,T,552,2016,588751,Adeiny Hechavarria,NA,NA,0.249,499,1,0.235,NA,Over,0.261181443905308,0.61,0.132,0.258,Over
66975,DeShields,Delino,CF,R,69,200,AL,23,6,55,127,0.245,0.319,0.351,0.244,0.305,1,25,4,11,F,T,569,2016,592261,Delino DeShields,NA,NA,0.259,492,1,0.235,NA,Over,0.261181443905308,0.336,0.328,0.336,Under
67866,Schebler,Scott,LF,L,72,225,NL,25,11,16,68,0.233,0.297,0.432,0.259,0.278,5,22,6,27,T,T,256,2016,594988,Scott Schebler,NA,NA,0.325,40,1,0.252,NA,Over,0.261181443905308,0.24,0.42,0.34,Push
69564,Panik,Joe,2B,L,73,190,NL,25,6,35,61,0.27,0.323,0.374,0.26,0.298,2,35,9,26,F,T,484,2016,605412,Joe Panik,NA,NA,0.314,432,1,0.245,NA,Over,0.261181443905308,0.416,0.252,0.332,Over
70387,Baez,Javier,SS,R,72,190,NL,23,13,14,85,0.236,0.286,0.444,0.261,0.302,1,28,4,15,F,T,263,2016,595879,Javier Baez,NA,NA,0.268,80,1,0.258,NA,Over,0.261181443905308,0.268,0.38,0.352,Push
70886,Tucker,Preston,LF,L,72,215,AL,25,13,23,72,0.246,0.303,0.432,0.263,0.281,9,35,14,32,F,T,322,2016,605512,Preston Tucker,NA,NA,0.261,323,1,0.263,NA,Push,0.261181443905308,0.286,0.298,0.416,Under
48766,Saunders,Michael,LF,L,76,225,AL,29,13,50,116,0.24,0.319,0.401,0.261,0.295,4,37,5,13,F,T,476,2016,459431,Michael Saunders,NA,NA,0.21,36,1,0.264,NA,Under,0.261181443905308,0.25,0.34,0.41,Under
50297,Dyson,Jarrod,RF,L,70,165,AL,31,1,27,63,0.243,0.301,0.32,0.232,0.291,1,30,9,20,F,T,350,2016,502481,Jarrod Dyson,NA,NA,0.249,225,1,0.233,NA,Over,0.261181443905308,0.36,0.324,0.316,Over
51988,Maybin,Cameron,CF,R,75,215,AL,29,7,33,81,0.253,0.311,0.371,0.251,0.299,0,51,5,12,F,T,425,2016,457727,Cameron Maybin,NA,NA,0.264,555,1,0.254,NA,Over,0.261181443905308,0.318,0.232,0.45,Under
52804,Blackmon,Charlie,CF,L,75,210,NL,29,15,38,105,0.277,0.327,0.427,0.253,0.31,0,36,15,19,F,T,629,2016,453568,Charlie Blackmon,NA,NA,0.272,682,1,0.256,NA,Over,0.261181443905308,0.646,0.124,0.23,Over
57712,Wieters,Matt,C ,B,77,230,AL,30,18,40,89,0.254,0.315,0.432,0.262,0.278,1,49,4,7,F,T,485,2016,446308,Matt Wieters,NA,NA,0.257,282,1,0.266,NA,Under,0.261181443905308,0.27,0.194,0.536,Under
59074,Perez,Carlos,C ,R,72,210,AL,25,7,31,82,0.243,0.294,0.347,0.241,0.282,6,21,8,35,F,T,454,2016,542208,Carlos Perez,NA,NA,0.249,283,1,0.232,NA,Over,0.261181443905308,0.308,0.206,0.486,Under
59145,Ozuna,Marcell,CF,R,73,225,NL,25,17,35,133,0.26,0.308,0.425,0.268,0.314,1,64,2,2,F,T,571,2016,542303,Marcell Ozuna,NA,NA,0.255,494,1,0.272,NA,Under,0.261181443905308,0.276,0.144,0.58,Under
59218,Alvarez,Pedro,1B,L,75,250,AL,29,22,40,125,0.231,0.305,0.445,0.263,0.28,11,60,5,10,F,T,428,2016,476883,Pedro Alvarez,NA,NA,0.285,491,1,0.271,NA,Over,0.261181443905308,0.352,0.164,0.484,Under
60918,Ruf,Darin,1B,R,75,250,NL,29,12,24,75,0.247,0.32,0.442,0.272,0.296,13,27,7,16,F,T,294,2016,573131,Darin Ruf,NA,NA,0.264,297,1,0.282,NA,Under,0.261181443905308,0.228,0.182,0.59,Under
66955,Castellanos,Nick,3B,R,76,210,AL,24,14,39,130,0.256,0.307,0.408,0.256,0.312,4,49,4,6,F,T,573,2016,592206,Nick Castellanos,NA,NA,0.251,595,1,0.256,NA,Push,0.261181443905308,0.252,0.292,0.456,Under
67744,Duvall,Adam,LF,R,73,220,NL,27,15,17,71,0.236,0.288,0.462,0.265,0.262,1,11,9,19,F,T,286,2016,594807,Adam Duvall,NA,NA,0.286,72,1,0.262,NA,Over,0.261181443905308,0.268,0.244,0.488,Under
68648,Parker,Jarrett,RF,L,76,210,NL,27,9,25,90,0.23,0.311,0.409,0.265,0.325,4,11,9,25,T,T,264,2016,592620,Jarrett Parker,NA,NA,0.413,54,1,0.254,NA,Over,0.261181443905308,0.27,0.394,0.336,Push
69305,La Stella,Tommy,3B,L,71,180,NL,27,4,31,38,0.269,0.342,0.38,0.265,0.294,5,35,8,24,F,T,316,2016,600303,Tommy La Stella,NA,NA,0.269,75,1,0.267,NA,Push,0.261181443905308,0.386,0.324,0.29,Over
100357,Garcia,Adonis,3B,R,69,190,NL,31,12,19,87,0.258,0.29,0.393,0.251,0.291,0,9,8,13,F,T,501,2016,611177,Adonis Garcia,NA,NA,0.287,198,1,0.251,NA,Push,0.261181443905308,0.43,0.254,0.316,Over
31340,Blanco,Gregor,LF,L,71,175,NL,32,3,24,50,0.251,0.324,0.352,0.254,0.306,2,42,1,8,F,T,251,2016,453923,Gregor Blanco,NA,NA,0.299,372,1,0.254,NA,Over,0.261181443905308,0.474,0.172,0.354,Over
66013,Herrera,Odubel,CF,L,71,205,NL,24,7,32,134,0.264,0.305,0.364,0.242,0.329,10,40,8,16,F,T,601,2016,546318,Odubel Herrera,NA,NA,0.274,537,1,0.227,NA,Over,0.261181443905308,0.458,0.196,0.346,Over
66110,Suarez,Eugenio,3B,R,71,205,NL,24,15,40,133,0.247,0.305,0.398,0.254,0.3,6,43,10,20,F,T,556,2016,553993,Eugenio Suarez,NA,NA,0.283,398,1,0.244,NA,Over,0.261181443905308,0.384,0.226,0.39,Under
67078,Pompey,Dalton,LF,B,74,195,AL,23,5,22,57,0.25,0.316,0.383,0.252,0.307,1,26,3,12,F,T,255,2016,592647,Dalton Pompey,NA,NA,0.233,103,1,0.241,NA,Under,0.261181443905308,0.274,0.36,0.366,Under
69578,Spangenberg,Cory,2B,L,72,195,NL,25,8,32,130,0.258,0.297,0.38,0.243,0.319,4,29,20,32,F,T,562,2016,605486,Cory Spangenberg,NA,NA,0.268,345,1,0.23,NA,Over,0.261181443905308,0.456,0.224,0.32,Over
70296,Burns,Billy,CF,B,69,170,AL,26,3,45,104,0.256,0.312,0.334,0.244,0.301,6,40,14,21,F,T,636,2016,542993,Billy Burns,NA,NA,0.265,555,1,0.233,NA,Over,0.261181443905308,0.528,0.162,0.31,Over
70301,Cron,C.J.,1B,R,76,235,AL,26,21,25,123,0.255,0.294,0.426,0.261,0.291,2,47,1,14,F,T,592,2016,543068,C.J. Cron,NA,NA,0.262,404,1,0.256,NA,Push,0.261181443905308,0.292,0.226,0.482,Under
101657,Soler,Jorge,RF,R,76,215,NL,24,11,24,78,0.252,0.315,0.438,0.27,0.312,4,36,9,18,F,T,298,2016,624585,Jorge Soler,NA,NA,0.263,404,1,0.284,NA,Under,0.261181443905308,0.256,0.194,0.55,Under
31623,Swisher,Nick,1B,B,72,195,NL,35,9,44,83,0.232,0.329,0.377,0.262,0.284,1,25,10,22,F,T,357,2016,430897,Nick Swisher,NA,NA,0.241,260,1,0.276,NA,Under,0.261181443905308,0.22,0.36,0.42,Under
32318,Aybar,Erick,SS,B,70,180,NL,32,6,31,72,0.266,0.304,0.365,0.249,0.29,1,33,9,8,F,T,611,2016,430947,Erick Aybar,NA,NA,0.237,638,1,0.256,NA,Under,0.261181443905308,0.372,0.196,0.432,Under
34484,Davis,Rajai,CF,R,70,195,AL,35,5,22,83,0.251,0.295,0.361,0.236,0.305,1,29,13,29,F,T,415,2016,434658,Rajai Davis,NA,NA,0.263,370,1,0.241,NA,Over,0.261181443905308,0.472,0.216,0.312,Over
45623,Zimmerman,Ryan,1B,R,75,220,NL,31,20,50,111,0.26,0.326,0.438,0.276,0.293,1,38,7,5,F,T,558,2016,475582,Ryan Zimmerman,NA,NA,0.283,390,1,0.291,NA,Under,0.261181443905308,0.292,0.14,0.568,Under
50147,Valencia,Danny,3B,R,74,210,AL,31,14,29,105,0.249,0.29,0.4,0.256,0.285,0,23,14,18,F,T,531,2016,502143,Danny Valencia,NA,NA,0.297,378,1,0.255,NA,Over,0.261181443905308,0.39,0.25,0.36,Over
59016,Garcia,Avisail,RF,R,76,240,AL,25,14,27,127,0.266,0.309,0.399,0.259,0.326,0,51,4,16,F,T,548,2016,541645,Avisail Garcia,NA,NA,0.245,601,1,0.268,NA,Under,0.261181443905308,0.238,0.256,0.506,Under
65863,Colon,Christian,2B,R,70,185,AL,27,3,18,33,0.259,0.308,0.35,0.243,0.28,3,19,8,19,F,T,277,2016,518568,Christian Colon,NA,NA,0.249,119,1,0.246,NA,Push,0.261181443905308,0.25,0.388,0.362,Push
46716,Trumbo,Mark,RF,R,76,225,AL,30,29,38,141,0.252,0.303,0.467,0.271,0.287,2,51,4,8,F,T,574,2016,444432,Mark Trumbo,NA,NA,0.277,545,1,0.279,NA,Push,0.261181443905308,0.348,0.14,0.512,Under
50054,Bourjos,Peter,RF,R,73,185,NL,29,9,28,106,0.238,0.298,0.376,0.243,0.298,2,52,8,20,F,T,424,2016,488721,Peter Bourjos,NA,NA,0.228,225,1,0.254,NA,Under,0.261181443905308,0.336,0.214,0.45,Under
51110,Freese,David,3B,R,74,225,NL,33,7,23,63,0.261,0.332,0.398,0.266,0.319,1,33,4,5,F,T,283,2016,501896,David Freese,NA,NA,0.268,470,1,0.272,NA,Push,0.261181443905308,0.312,0.2,0.488,Under
56104,Mesoraco,Devin,C ,R,73,220,NL,28,19,47,107,0.246,0.318,0.421,0.266,0.275,0,46,6,17,F,T,541,2016,519023,Devin Mesoraco,NA,NA,0.203,51,1,0.274,NA,Under,0.261181443905308,0.276,0.256,0.468,Under
58917,Espinosa,Danny,2B,B,72,210,NL,29,7,18,74,0.22,0.288,0.363,0.237,0.289,1,46,12,21,F,T,254,2016,457787,Danny Espinosa,NA,NA,0.264,412,1,0.242,NA,Over,0.261181443905308,0.442,0.262,0.296,Over
59660,Hernandez,Enrique,LF,R,71,200,NL,24,7,14,47,0.251,0.295,0.398,0.252,0.281,6,37,11,17,F,T,262,2016,571771,Enrique Hernandez,NA,NA,0.315,218,1,0.235,NA,Over,0.261181443905308,0.31,0.29,0.4,Under
66662,Saladino,Tyler,SS,R,72,200,AL,26,4,18,53,0.236,0.293,0.35,0.237,0.281,4,20,6,21,F,T,258,2016,573135,Tyler Saladino,NA,NA,0.21,254,1,0.237,NA,Push,0.261181443905308,0.3,0.292,0.408,Under
66729,Gyorko,Jedd,2B,R,70,205,NL,27,9,18,57,0.244,0.302,0.407,0.255,0.281,3,51,1,6,F,T,264,2016,576397,Jedd Gyorko,NA,NA,0.252,458,1,0.271,NA,Under,0.261181443905308,0.308,0.208,0.484,Under
69188,Shaw,Travis,1B,L,76,230,AL,26,10,28,70,0.246,0.318,0.417,0.257,0.289,3,20,8,21,F,T,309,2016,543768,Travis Shaw,NA,NA,0.278,248,1,0.264,NA,Over,0.261181443905308,0.22,0.284,0.496,Under
69512,Asche,Cody,LF,L,73,205,NL,26,16,36,123,0.253,0.306,0.414,0.257,0.304,13,62,6,12,F,T,529,2016,605125,Cody Asche,NA,NA,0.248,456,1,0.265,NA,Under,0.261181443905308,0.3,0.25,0.45,Under
45430,Hill,Aaron,3B,R,71,200,NL,34,13,37,80,0.254,0.309,0.395,0.249,0.276,0,30,11,12,F,T,543,2016,431094,Aaron Hill,NA,NA,0.241,353,1,0.254,NA,Under,0.261181443905308,0.434,0.18,0.386,Over
48633,Reynolds,Mark,1B,R,74,220,NL,32,14,34,91,0.229,0.32,0.431,0.257,0.289,0,27,9,14,F,T,309,2016,448602,Mark Reynolds,NA,NA,0.253,432,1,0.266,NA,Under,0.261181443905308,0.28,0.216,0.504,Under
57967,Hicks,Aaron,RF,B,73,205,AL,26,8,33,70,0.238,0.319,0.382,0.254,0.288,7,62,11,18,F,T,314,2016,543305,Aaron Hicks,NA,NA,0.253,390,1,0.251,NA,Push,0.261181443905308,0.346,0.298,0.356,Under
58899,Avila,Alex,C ,L,71,210,AL,29,10,56,121,0.228,0.334,0.371,0.259,0.31,3,35,6,11,F,T,414,2016,488671,Alex Avila,NA,NA,0.235,219,1,0.266,NA,Under,0.261181443905308,0.26,0.174,0.566,Under
61044,Iglesias,Jose,SS,R,71,185,AL,26,4,27,71,0.266,0.308,0.34,0.24,0.297,4,45,13,22,F,T,520,2016,578428,Jose Iglesias,NA,NA,0.252,454,1,0.234,NA,Over,0.261181443905308,0.62,0.094,0.286,Over
58495,Nieuwenhuis,Kirk,CF,L,75,225,NL,28,16,38,127,0.23,0.299,0.414,0.25,0.291,3,41,14,23,F,T,442,2016,543590,Kirk Nieuwenhuis,NA,NA,0.256,141,1,0.251,NA,Push,0.261181443905308,0.338,0.426,0.236,Push
60144,Goins,Ryan,SS,L,70,185,AL,28,4,19,69,0.241,0.282,0.34,0.227,0.291,4,20,16,30,F,T,335,2016,572365,Ryan Goins,NA,NA,0.238,428,1,0.226,NA,Over,0.261181443905308,0.478,0.198,0.324,Over
60676,Singleton,Jon,1B,L,74,230,AL,24,12,43,99,0.206,0.314,0.395,0.258,0.268,4,23,12,21,F,T,314,2016,572138,Jon Singleton,NA,NA,0.245,58,1,0.266,NA,Under,0.261181443905308,0.222,0.322,0.456,Under
67084,Realmuto,J.T.,C ,R,73,205,NL,25,9,28,87,0.249,0.292,0.378,0.248,0.286,4,33,15,35,F,T,490,2016,592663,J.T. Realmuto,NA,NA,0.26,467,1,0.238,NA,Over,0.261181443905308,0.54,0.146,0.314,Over
69752,Peraza,Jose,2B,R,72,180,NL,22,4,8,41,0.265,0.284,0.375,0.235,0.294,4,24,8,24,T,T,259,2016,606299,Jose Peraza,NA,NA,0.224,25,1,0.23,NA,Push,0.261181443905308,0.364,0.254,0.382,Under
45374,Upton,Melvin,CF,R,75,185,NL,31,14,45,142,0.223,0.294,0.379,0.245,0.289,1,40,12,17,F,T,495,2016,425834,Melvin Upton,NA,NA,0.283,228,1,0.252,NA,Over,0.261181443905308,0.226,0.424,0.35,Push
51557,Solarte,Yangervis,3B,B,71,195,NL,28,14,43,73,0.262,0.316,0.4,0.258,0.277,3,49,2,8,F,T,608,2016,500208,Yangervis Solarte,NA,NA,0.266,571,1,0.255,NA,Over,0.261181443905308,0.374,0.146,0.48,Under
57476,Moreland,Mitch,1B,L,74,230,AL,30,18,38,109,0.253,0.312,0.423,0.261,0.289,1,44,4,11,F,T,518,2016,519048,Mitch Moreland,NA,NA,0.284,515,1,0.265,NA,Over,0.261181443905308,0.266,0.142,0.592,Under
57905,Gose,Anthony,CF,L,73,190,AL,25,3,27,93,0.238,0.301,0.337,0.234,0.324,7,55,6,23,F,T,342,2016,543238,Anthony Gose,NA,NA,0.248,535,1,0.231,NA,Over,0.261181443905308,0.482,0.282,0.236,Over
58470,Moore,Tyler,1B,R,74,220,NL,29,10,22,70,0.238,0.304,0.421,0.263,0.29,8,25,7,16,F,T,264,2016,489138,Tyler Moore,NA,NA,0.23,200,1,0.275,NA,Under,0.261181443905308,0.202,0.238,0.56,Under
31369,Hardy,J.J.,SS,R,73,200,AL,33,16,27,87,0.249,0.287,0.391,0.24,0.27,0,38,4,5,F,T,531,2016,429666,J.J. Hardy,NA,NA,0.209,437,1,0.253,NA,Under,0.261181443905308,0.252,0.25,0.498,Under
45606,Drew,Stephen,SS,L,72,190,NL,33,7,27,66,0.218,0.29,0.359,0.238,0.26,1,41,8,13,F,T,291,2016,452220,Stephen Drew,NA,NA,0.236,428,1,0.253,NA,Under,0.261181443905308,0.472,0.236,0.292,Over
52240,Johnson,Chris,1B,R,75,225,NL,31,5,12,64,0.261,0.298,0.378,0.247,0.331,4,38,11,17,F,T,262,2016,453400,Chris Johnson,NA,NA,0.229,255,1,0.261,NA,Under,0.261181443905308,0.3,0.274,0.426,Under
1424,Infante,Omar,2B,R,71,195,AL,34,5,20,58,0.256,0.284,0.357,0.236,0.278,1,25,13,23,F,T,481,2016,408299,Omar Infante,NA,NA,0.202,455,1,0.252,NA,Under,0.261181443905308,0.354,0.204,0.442,Under
46262,Lowrie,Jed,2B,B,72,180,AL,32,11,45,85,0.25,0.314,0.381,0.259,0.279,2,38,8,12,F,T,549,2016,476704,Jed Lowrie,NA,NA,0.263,263,1,0.269,NA,Push,0.261181443905308,0.264,0.35,0.386,Under
54877,Romine,Andrew,SS,B,73,200,AL,30,1,18,54,0.237,0.291,0.298,0.222,0.294,2,19,7,19,F,T,257,2016,461865,Andrew Romine,NA,NA,0.227,203,1,0.226,NA,Push,0.261181443905308,0.29,0.358,0.352,Push
60931,Owings,Chris,2B,R,70,190,NL,24,5,13,67,0.254,0.286,0.376,0.233,0.313,5,45,4,18,F,T,299,2016,572008,Chris Owings,NA,NA,0.213,552,1,0.244,NA,Under,0.261181443905308,0.484,0.184,0.332,Over
37145,Howard,Ryan,1B,L,76,250,NL,36,24,48,168,0.228,0.298,0.414,0.254,0.285,0,19,13,13,F,T,575,2016,429667,Ryan Howard,NA,NA,0.25,503,1,0.271,NA,Under,0.261181443905308,0.236,0.222,0.542,Under
57302,Galvis,Freddy,SS,B,70,185,NL,26,11,25,93,0.242,0.277,0.37,0.23,0.274,6,56,8,18,F,T,509,2016,520471,Freddy Galvis,NA,NA,0.241,603,1,0.232,NA,Over,0.261181443905308,0.45,0.124,0.426,Over
33829,Chirinos,Robinson,C ,R,73,210,AL,32,10,33,88,0.232,0.304,0.376,0.246,0.274,3,16,15,26,F,T,397,2016,455139,Robinson Chirinos,NA,NA,0.265,273,1,0.249,NA,Over,0.261181443905308,0.358,0.164,0.478,Under
51653,Escobar,Eduardo,SS,B,70,185,AL,27,7,27,94,0.253,0.294,0.375,0.239,0.3,6,37,13,23,F,T,478,2016,500871,Eduardo Escobar,NA,NA,0.266,446,1,0.235,NA,Over,0.261181443905308,0.438,0.146,0.416,Over
31447,Loney,James,1B,L,75,235,AL,32,10,37,75,0.274,0.32,0.381,0.255,0.301,4,29,6,15,F,T,585,2016,425766,James Loney,NA,NA,0.243,388,1,0.262,NA,Under,0.261181443905308,0.27,0.274,0.456,Under
52461,Castillo,Welington,C ,R,70,210,NL,29,18,40,127,0.248,0.316,0.416,0.262,0.302,5,35,7,17,F,T,516,2016,456078,Welington Castillo,NA,NA,0.267,378,1,0.265,NA,Push,0.261181443905308,0.218,0.408,0.374,Push
47690,Hundley,Nick,C ,R,73,205,NL,32,13,28,109,0.256,0.304,0.41,0.241,0.311,8,36,11,19,F,T,468,2016,460026,Nick Hundley,NA,NA,0.268,389,1,0.245,NA,Over,0.261181443905308,0.458,0.168,0.374,Over
65906,Rupp,Cameron,C ,R,74,260,NL,27,14,31,129,0.218,0.277,0.364,0.232,0.278,5,26,14,30,F,T,452,2016,519237,Cameron Rupp,NA,NA,0.242,299,1,0.231,NA,Over,0.261181443905308,0.274,0.292,0.434,Under
67098,Rosario,Eddie,RF,L,73,180,AL,24,14,24,133,0.25,0.28,0.402,0.238,0.303,6,19,7,12,F,T,568,2016,592696,Eddie Rosario,NA,NA,0.252,474,1,0.232,NA,Over,0.261181443905308,0.378,0.224,0.398,Under
49341,Escobar,Yunel,3B,R,74,215,AL,33,8,49,83,0.261,0.321,0.351,0.255,0.288,3,24,7,12,F,T,634,2016,488862,Yunel Escobar,NA,NA,0.284,591,1,0.251,NA,Over,0.261181443905308,0.332,0.328,0.34,Under
1501,Pierzynski,A.J.,C ,L,75,235,NL,39,10,18,70,0.254,0.287,0.371,0.241,0.274,2,18,15,26,F,T,514,2016,150229,A.J. Pierzynski,NA,NA,0.281,436,1,0.241,NA,Over,0.261181443905308,0.334,0.194,0.472,Under
49076,Suzuki,Kurt,C ,R,71,205,AL,32,5,24,50,0.247,0.299,0.349,0.235,0.269,2,33,9,23,F,T,389,2016,435559,Kurt Suzuki,NA,NA,0.216,479,1,0.248,NA,Under,0.261181443905308,0.45,0.118,0.432,Over
70317,McCann,James,C ,R,74,210,AL,26,8,22,111,0.256,0.292,0.374,0.239,0.31,4,21,17,27,F,T,526,2016,543510,James McCann,NA,NA,0.23,425,1,0.228,NA,Push,0.261181443905308,0.346,0.298,0.356,Under
